sample,chr,start,end,event,copy.number,bins,median,sno,identified_gene,,,,,,,,,,,,,,,,,,,,,,,,,,,,,,,,,,,,,,,,,,,,,,,,,,,,,,,,,,,,,,,,,,,,,,,,,,,,,,,,,,,,,,,,,,,,,,,,,,,,,,,,,,,,,,,,,,,,,,,,,,,,,,,,,,,,,,,,,,,,,,,,,,,,,,,,,,,,,,,,,,,,,,,,,,,,,,,,,,,,,,,,,,,,,,,,,,,,,,,,,,,,,,,,,,,,,,,,,,,,,,,,,,,,,,,,,,,,,,,,,,,,,,,,,,,,,,,,,,,,,,,,,,,,,,,,,,,,,,,,,,,,,,,,,,,,,,,,,,,,,,,,,,,,,,,,,,,,,,,,,,,,,,,,,,,,,,,,,,,,,,,,,,,,,,,,,,,,,,,,,,,,,,,,,,,,,,,,,,,,,,,,,,,,,,,,,,,,,,,,,,,,,,,,,,,,,,,,,,,,,,,,,,,,,,,,,,,,,,,,,,,,,,,,,,,,,,,,,,,,,,,,,,,,,,,,,,,,,,,,,,,,,,,,,,,,,,,,,,,,,,,,,,,,,,,,,,,,,,,,,,,,,,,,,,,,,,,,,,,,,,,,,,,,,,,,,,,,,,,,,,,,,,,,,,,,,,,,,,,,,,,,,,,,,,,,,,
Ribas-1Pre_S102_L001_tumor,1,1000001,120000000,NEUT,2,119,-0.017159415,1,AGRN,C1orf159,SDF4,B3GALT6,UBE2J2,INTS11,CCNL2,MRPL20,ATAD3B,SSU72,SLC35E2B,CDK11A,SLC35E2A,NADK,GNB1,SKI,RER1,TNFRSF14,LRRC47,CEP104,DFFB,NPHP4,KCNAB2,RPL22,RNF207,ICMT,GPR153,ACOT7,NOL9,DNAJC11,CAMTA1,VAMP3,PER3,RERE,ENO1,MIR34AHG,H6PD,SPSB1,SLC25A33,PIK3CD,CLSTN1,CTNNBIP1,LZIC,UBE4B,KIF1B,DFFA,PEX14,TARDBP,EXOSC10,MTOR,UBIAD1,FBXO44,AGTRAP,CLCN6,KIAA2013,PLOD1,MFN2,VPS13D,PRDM2,KAZN,TMEM51,FHAD1,EFHD2,DNAJC16,DDI2,PLEKHM2,SPEN,FBXO42,SZRD1,NECAP2,NBPF1,CROCC,ATP13A2,SDHB,RCC2,ARHGEF10L,IFFO2,UBR4,EMC1,CAPZB,NBL1,TMCO4,OTUD3,CAMK2N1,MUL1,DDOST,HP1BP3,EIF4G3,ECE1,NBPF3,USP48,HSPG2,CDC42,ZBTB40,KDM1A,LUZP1,HNRNPR,RPL11,ELOA-AS1,ELOA,PITHD1,GALE,PNRC2,SRSF10,IFNLR1,STPG1,NIPAL3,RCAN3,SRRM1,CLIC4,RUNX3,RSRP1,TMEM50A,MACO1,SELENON,MTFR1L,EXTL1,TRIM63,SH3BGRL3,DHDDS,ARID1A,NUDC,SLC9A1,WDTC1,TMEM222,WASF2,AHDC1,IFI6,STX12,EYA3,DNAJC8,PHACTR4,SNHG3,TRNAU1AP,SNHG12,YTHDF2,EPB41,SRSF4,MECR,SDC3,PUM1,SNRNP40,ZCCHC17,COL16A1,PTP4A2,KHDRBS1,KPNA6,TXLNA,HDAC1,MARCKSL1,BSDC1,ZBTB8OS,RBBP4,S100PBP,RNF19B,AK2,AZIN2,ZNF362,PHC2,SMIM12,ZMYM6,ZMYM1,SFPQ,ZMYM4,KIAA0319L,PSMB2,AGO4,AGO1,AGO3,TRAPPC3,MAP7D1,THRAP3,SH3D21,STK40,MEAF6,GNL2,MANEAL,INPP5B,SF3A3,RRAGC,AL139260.1,AKIRIN1,MACF1,PABPC4,TRIT1,CAP1,PPT1,RLF,ZMPSTE24,SMAP2,NFYC,CTPS1,SCMH1,HIVEP3,FOXJ3,PPCS,CCDC30,PPIH,YBX1,P3H1,ELOVL1,SZT2,KDM4A,ST3GAL3,ATP6V0B,AL139220.2,DMAP1,ERI3,RNF220,RPS8,BTBD19,EIF2B3,HECTD3,TESK2,AKR1A1,NASP,GPBP1L1,IPP,MAST2,PIK3R3,POMGNT1,LURAP1,LRRC41,NSUN4,MKNK1,ATPAF1,EFCAB14,CMPK1,SPATA6,AGBL4,FAF1,RNF11,EPS15,OSBPL9,NRDC,TXNDC12,BTF3L4,ZFYVE9,CC2D1B,PRPF38A,TUT4,ZYG11B,SCP2,LRP8,NDC1,YIPF1,HSPB11,TMEM59,MRPL37,SSBP3,USP24,AL603840.1,PLPP3,DAB1,MYSM1,JUN,FGGY,NFIA,TM2D1,PATJ,DOCK7,ATG4C,LINC01739,ALG6,ITGB3BP,EFCAB7,PGM1,ROR1,ROR1-AS1,CACHD1,RAVER2,JAK1,DNAJC6,LEPROT,PDE4B,MIER1,SLC35D1,IL12RB2,SERBP1,GNG12,GNG12-AS1,WLS,LRRC40,SRSF11,ANKRD13C,ZRANB2,ZRANB2-AS2,NEGR1,AL583808.1,FPGT,CRYZ,TYW3,ACADM,RABGGTB,ST6GALNAC3,PIGK,AK5,AC118549.1,USP33,MIGA1,FUBP1,LINC01725,TTLL7,PRKACB,SAMD13,CTBS,SSX2IP,MCOLN2,WDR63,MCOLN3,C1orf52,ZNHIT6,ODF2L,SH3GLB1,SELENOF,HS2ST1,LINC02801,LMO4,PKN2,GTF2B,KYAT3,LRRC8B,LRRC8C,LRRC8D,ZNF326,ZNF644,HFM1,CDC7,TGFBR3,GLMN,RPAP2,EVI5,RPL5,DIPK1A,MTF2,TMED5,CCDC18,CCDC18-AS1,DR1,FNBP1L,BCAR3,DNTTIP2,ABCD3,SLC44A3,ALG14,RWDD3,PTBP2,DPYD,SNX7,AGL,SLC35A3,MFSD14A,TRMT13,DBT,RTCA,CDC14A,EXTL2,SLC30A7,DPH5,AC093157.1,AC095032.1,RNPC3,VAV3,SLC25A24,FAM102B,PRPF38B,STXBP3,GPSM2,CLCC1,WDR47,CELSR2,SORT1,PSMA5,GNAI3,AHCYL1,STRIP1,SLC6A17,RBM15,LAMTOR5-AS1,SLC16A4,LRIF1,DRAM2,CEPT1,WDR77,ATP5PB,RAP1A,CTTNBP2NL,ST7L,CAPZA1,SLC16A1,SLC16A1-AS1,LRIG2,MAGI3,PHTF1,RSBN1,HIPK1,OLFML3,TRIM33,NRAS,CSDE1,SIKE1,VANGL1,SLC22A15,ATP1A1,ATP1A1-AS1,LINC01762,AL390066.1,CD58,IGSF3,PTGFRN,TTF2,MAN1A2,GDAP2,WDR3,WARS2,WARS2-AS1,ZNF697,PHGDH,NOTCH2,,,,,,,,,,,,,,,,,,,,,,,,,,,,,,,,,,,,,,,,,,,,,,,,,,,,,,,,,,,,,,,,,,,,,,,,,,,,,,,,,,,,,,,,,,,,,,,,,,,,,,,,,,,,,,,,,,,,,,,,,,,,,,,,,,,,,,,,,,,,,,,,,,,,,,,,,,,,,,,,,,,,,,,,,,,,,,,,
Ribas-1Pre_S102_L001_tumor,1,150000001,248000000,GAIN,3,98,0.350446495,2,OTUD7B,AC244033.2,VPS45,CA14,APH1A,MRPS21,PRPF3,RPRD2,TARS2,ECM1,MCL1,ENSA,GOLPH3L,CTSS,CTSK,ARNT,SETDB1,CERS2,PRUNE1,CDC42SE1,GABPB2,VPS72,PIP5K1A,PSMD4,PI4KB,RFX5,SELENBP1,POGZ,SNX27,MRPL9,THEM4,S100A10,S100A11,FLG-AS1,S100A4,S100A1,CHTOP,INTS3,SLC27A3,GATAD2B,DENND4B,CRTC2,SLC39A1,JTB,TPM3,C1orf43,UBAP2L,ATP8B2,IL6R,ADAR,PBXIP1,SHC1,ADAM15,EFNA1,SLC50A1,KRTCAP2,GBA,FAM189B,SCAMP3,CLK2,FDPS,ASH1L,MSTO1,AL353807.5,YY1AP1,DAP3,GON4L,SYT11,RIT1,KHDC4,ARHGEF2,SSR2,UBQLN4,LMNA,SLC25A44,PMF1,SMG5,GLMP,CCT3,MEF2D,NAXE,NES,ISG20L2,RRNAD1,HDGF,PRCC,ARHGEF11,ETV3,KIRREL1,IFI16,TAGLN2,PIGM,IGSF8,PEA15,DCAF8,PEX19,COPA,NCSTN,SLAMF7,F11R,PFDN2,NIT1,DEDD,B4GALT3,NDUFS2,FCER1G,SDHC,FCGR2A,FCRLA,DUSP12,ATF6,NOS1AP,UHMK1,UAP1,DDR2,RXRG,MGST3,ALDH9A1,TMCO1,UCK2,FAM78B,POGK,TADA1,ILDR2,POU2F1,CREG1,MPZL1,DCAF6,GPR161,TIPRL,SFT2D2,ATP1B1,NME7,BLZF1,SLC19A2,C1orf112,SCYL3,KIFAP3,LINC01681,GORAB,PRRX1,FMO4,PRRC2C,VAMP4,EEF1AKNMT,DNM3,PIGC,SUCO,AL645568.1,PRDX6,KLHL20,DARS2,GAS5,ZBTB37,RC3H1,RABGAP1L,CACYBP,MRPS14,COP1,RASAL2,RALGPS2,FAM20B,ABL2,SOAT1,TOR1AIP2,TOR1AIP1,CEP350,QSOX1,ACBD6,XPR1,STX6,MR1,GLUL,RNASEL,NPL,DHX9,LAMC1,SMG7,ARPC5,RGL1,COLGALT2,TSEN15,C1orf21,EDEM3,RNF2,TRMT1L,SWT1,IVNS1ABP,HMCN1,TPR,ODR4,AL096803.2,PLA2G4A,ERVMER61-1,AL390957.1,UCHL5,RO60,GLRX2,CDC73,ASPM,ZBTB41,DENND1B,NEK7,PTPRC,MIR181A1HG,ZNF281,KIF14,DDX59,CAMSAP2,TMEM9,PHLDA3,CSRP1,AC096677.1,NAV1,IPO9,SHISA4,TIMM17A,RNPEP,ARL8A,PPP1R12B,KDM5B,RABIF,KLHL12,ADIPOR1,CYB5R1,TMEM183A,PRELP,ATP2B4,ZBED6,SOX13,PPP1R15B,PIK3C2B,MDM4,RBBP5,DSTYK,TMCC2,ELK4,NUCKS1,RAB29,SLC41A1,SRGAP2,EIF2D,DYRK3,MAPKAPK2,IL24,YOD1,CD55,CD46,MIR29B2CHG,PLXNA2,LAMB3,UTP25,SYT14,HHAT,KCNH1,RCOR3,TRAF5,LINC00467,SLC30A1,LPGAT1,INTS7,DTL,PPP2R5A,PACC1,NENF,NSL1,FLVCR1,ANGEL2,RPS6KC1,SMYD2,PTPN14,CENPF,KCNK2,KCTD3,GPATCH2,SPATA17,RRP15,LYPLAL1-DT,LYPLAL1,LYPLAL1-AS1,SLC30A10,BPNT1,IARS2,RAB3GAP2,MARK1,2-Mar,DUSP10,LINC01655,LINC02257,LINC01705,MIA3,AIDA,BROX,AL392172.1,DISP1,CAPN2,TP53BP2,FBXO28,DEGS1,NVL,CNIH4,WDR26,CNIH3,AL596330.1,DNAH14,LBR,ENAH,SRP9,EPHX1,TMEM63A,PYCR2,SDE2,ACBD3,LIN9,PARP1,AL359704.3,ITPKB,PSEN2,COQ8A,CDC42BPA,ZNF678,ARF1,C1orf35,TRIM11,AL162595.1,RAB4A,CCSAP,NUP133,ABCB10,TAF5L,URB2,GALNT2,COG2,TTC13,ARV1,FAM89A,GNPAT,EXOC8,SPRTN,EGLN1,TSNAX,DISC1,SIPA1L2,NTPCR,PCNX2,TARBP1,IRF2BP2,TOMM20,ARID4B,B3GALNT2,GNG4,LYST,GPR137B,ERO1B,LGALS8,HEATR1,MTR,FH,CHML,CEP170,SDCCAG8,AKT3,CATSPERE,DESI2,COX20,HNRNPU,EFCAB2,KIF26B,SMYD3,TFB2M,CNST,SCCPDH,AHCTF1,ZNF670,ZNF124,ZNF496,,,,,,,,,,,,,,,,,,,,,,,,,,,,,,,,,,,,,,,,,,,,,,,,,,,,,,,,,,,,,,,,,,,,,,,,,,,,,,,,,,,,,,,,,,,,,,,,,,,,,,,,,,,,,,,,,,,,,,,,,,,,,,,,,,,,,,,,,,,,,,,,,,,,,,,,,,,,,,,,,,,,,,,,,,,,,,,,,,,,,,,,,,,,,,,,,,,,,,,,,,,,,,,,,,,,,,,,,,,
Ribas-1Pre_S102_L001_tumor,2,1000001,242000000,NEUT,2,241,-0.013418507,3,MYT1L,EIPR1,TRAPPC12,ADI1,RNASEH1,RNF144A,KIDINS220,MBOAT2,ASAP2,ITGB1BP1,CPSF3,IAH1,ADAM17,YWHAQ,TAF1B,RRM2,HPCAL1,NOL10,PDIA6,SLC66A3,ROCK2,E2F6,GREB1,LPIN1,MIR3681HG,TRIB2,NBAS,DDX1,SMC6,GEN1,RDH14,LINC01376,WDR35,LAPTM4A,PUM2,RHOB,HS1BP3,LDAH,KLHL29,ATAD2B,UBXN2A,FAM228B,ITSN2,NCOA1,ADCY3,EFR3B,DNMT3A,DTNB,ASXL2,RAB10,HADHA,HADHB,SELENOI,SLC35F6,TMEM214,ATRAID,CAD,MPV17,GTF3C2,SNX17,PPM1G,NRBP1,IFT172,ZNF512,SUPT7L,SLC4A1AP,MRPL33,BABAM2,PPP1CB,TRMT61B,WDR43,CLIP4,ALK,YPEL5,LCLAT1,SPAST,SLC30A6,YIPF4,BIRC6,TTC27,LTBP1,FAM98A,LINC01320,AC008170.1,FEZ2,STRN,HEATR5B,EIF2AK2,CEBPZOS,CEBPZ,NDUFAF7,PRKD3,QPCT,AC006369.1,CDC42EP3,RMDN2,ATL2,HNRNPLL,GALM,SRSF7,DHX57,SOS1,MAP4K3,MAP4K3-DT,THUMPD2,SLC8A1,EML4,MTA3,ZFP36L2,THADA,PLEKHH2,DYNC2LI1,LRPPRC,PPM1B,PREPL,CAMKMT,SRBD1,PRKCE,EPAS1,RHOQ,PIGF,CRIPT,MCFD2,TTC7A,CALM2,MSH2,MSH6,FBXO11,FOXN2,PPP1R21,AC010967.1,ASB3,ERLEC1,PSME4,ACYP2,SPTBN1,RTN4,CLHC1,MTIF2,CCDC88A,CFAP36,PPP4R3B,PNPT1,VRK2,FANCL,LINC01793,PAPOLG,REL,PUS10,PEX13,KIAA1841,USP34,XPO1,CCT4,COMMD1,B3GNT2,EHBP1,WDPCP,MDH1,UGP2,VPS54,PELI1,AFTPH,SERTAD2,LINC02245,SLC1A4,CEP68,RAB1A,ACTR2,SPRED2,AC007389.1,MEIS1,ETAA1,C1D,PPP3R1,CNRIP1,APLF,ANTXR1,GFPT1,AAK1,ANXA4,GMCL1,PCBP1-AS1,PCBP1,TIA1,PCYOX1,FAM136A,TEX261,NAGK,MCEE,MPHOSPH10,ZNF638,EXOC6B,SFXN5,CCT7,FBXO41,ALMS1,DUSP11,STAMBP,DGUOK,TET3,MOB1A,SLC4A5,DCTN1,RTKN,MOGS,AUP1,SEMA4F,HK2,LINC01291,POLE4,AC007681.1,EVA1A,MRPL19,GCFC2,AC110614.1,AC012494.1,CTNNA2,SUCLG1,TMSB10,KCMF1,TCF7L1,TGOLN2,RETSAT,ELMOD3,MAT2A,GGCX,TMEM150A,USP39,C2orf68,ST3GAL5,POLR1A,PTCD3,IMMT,KDM3A,CHMP3,RNF103,RMND5A,CYTOR,KRCC1,EIF2AK3,RPIA,MRPS5,ZNF514,KCNIP3,FAHD2A,LINC00342,ANKRD36C,STARD7,TMEM127,CIAO1,SNRNP200,KANSL3,LMAN2L,SEMA4C,FAM178B,ANKRD36,ANKRD36B,ACTR1B,TMEM131,INPP4A,COA5,UNC50,MGAT4A,TSGA10,AC079447.1,MITD1,TXNDC9,EIF5B,REV1,NPAS2,TBC1D8,CNOT11,RNF149,MAP4K4,IL1R1,TMEM182,MRPS9,TGFBRAP1,C2orf49,FHL2,NCK2,UXS1,LINC01885,SULT1C2,GCC2,LIMS1,RANBP2,CCDC138,SEPTIN10,MIR4435-2HG,BCL2L11,ANAPC1,MERTK,TMEM87B,ZC3H8,ZC3H6,TTL,POLR1B,SLC20A1,PAX8-AS1,CBWD2,SLC35F5,ACTR3,DPP10,DDX18,CCDC93,INSIG2,C2orf76,PTPN4,EPB41L5,TMEM185B,RALB,CLASP1,NIFK-AS1,NIFK,TSN,AC011246.1,GYPC,ERCC3,MAP3K2,IWS1,WDR33,POLR2D,AMMECR1L,SAP130,UGGT1,SMPD4,PTPN18,FAM168B,PLEKHB2,NCKAP5,MGAT5,CCNT2,RAB3GAP1,ZRANB3,R3HDM1,UBXN4,HNMT,AC114763.1,SPOPL,AC016710.1,ARHGAP15,AC079793.1,GTDC1,ZEB2,TEX41,ACVR2A,ORC4,MBD5,EPC2,KIF5C,AC105402.3,MMADHC,RND3,LINC01920,AC023469.1,AC018731.1,RIF1,ARL5A,STAM2,FMNL2,PRPF40A,ARL6IP6,GPD2,ACVR1,PKP4,TANC1,WDSUB1,BAZ2B,RBMS1,TANK,PSMD14,IFIH1,GCA,FIGN,COBLL1,GALNT3,AC009495.1,TTC21B,AC073050.1,STK39,BBS5,FASTKD1,PPIG,SSB,METTL5,UBR3,GORASP2,TLK1,METTL8,DCAF17,DYNC1I2,SLC25A12,HAT1,METAP1D,ITGA6,MAP3K20,SP3,OLA1,CIR1,GPR155,AC010894.3,WIPF1,CHN1,ATF2,LNPK,HOXD3,MTX2,LINC01117,LINC01116,HNRNPA3,NFE2L2,AGPS,RBM45,OSBPL6,CHROMR,PRKRA,PLEKHA3,TTN-AS1,SESTD1,CWC22,UBE2E3,ITPRID2,DNAJC10,NCKAP1,NUP35,AC009315.1,FSIP2-AS1,LINC01473,ZC3H15,ITGAV,FAM171B,AC007319.1,GULP1,COL3A1,COL5A2,WDR75,ORMDL1,PMS1,HIBCH,INPP1,MFSD6,NEMP2,NAB1,AC006460.1,GLS,STAT1,MYO1B,NABP1,SLC39A10,GTF3C3,PGAP1,ANKRD44,SF3B1,COQ10B,HSPD1,MOB4,RFTN2,PLCL1,SATB2,C2orf69,TYW5,SPATS2L,SGO2,BZW1,CLK1,ORC2,FAM126B,CFLAR,CASP8,FLACC1,TRAK2,STRADB,TMEM237,ALS2,SUMO1,NOP58,BMPR2,FAM117B,WDR12,CARF,NBEAL1,CYP20A1,ABI2,RAPH1,PARD3B,NRP2,INO80D,NDUFS1,ZDBF2,ADAM23,FASTKD2,AC008269.1,KLF7,CREB1,METTL21A,CCNYL1,PLEKHM3,IDH1,PIKFYVE,MAP2,RPE,KANSL1L,AC007038.1,LANCL1,CPS1,BARD1,ATIC,FN1,MREG,PECR,XRCC5,SMARCAL1,TNS1,ARPC2,TMBIM1,CTDSP1,USP37,CNOT9,PLCD4,ZNF142,STK36,TTLL4,CYP27A1,NHEJ1,CNPPD1,RETREG2,ATG9A,ANKZF1,DNPEP,CHPF,OBSL1,AC019211.1,PAX3,FARSB,ACSL3,AP1S3,WDFY1,MRPL44,SERPINE2,CUL3,DOCK10,RHBDD1,MFF,AGFG1,TRIP12,SP110,SP140L,SP100,CAB39,ITM2C,C2orf72,PSMD1,ARMC9,NCL,PDE6D,COPS7B,DIS3L2,EIF4E2,GIGYF2,ATG16L1,DGKD,USP40,TRPM8,AC010148.1,SH3BP4,AGAP1,AC012063.1,COPS8,COL6A3,MLPH,RAB17,LRRFIP1,UBE2F,SCLY,ILKAP,TRAF3IP1,ASB1,HDAC4,NDUFA10,ANKMY1,KIF1A,SNED1,MTERF4,PPP1R7,HDLBP,SEPTIN2,FARP2,STK25,THAP4,ATG4B,DTYMK,ING5,D2HGDH
Ribas-1Pre_S102_L001_tumor,3,1000001,197000000,NEUT,2,196,0.005000381,4,CNTN4,TRNT1,CRBN,AC034195.1,SUMF1,ITPR1,BHLHE40,ARL8B,EDEM1,AC069277.1,LMCD1-AS1,LMCD1,SSUH2,RAD18,SRGAP3,THUMPD3-AS1,THUMPD3,SETD5,MTMR14,TADA3,ARPC4,TTLL3,RPUSD3,JAGN1,IL17RE,IL17RC,CRELD1,EMC3,VHL,TATDN2,SEC13,ATG7,VGLL4,TAMM41,TSEN2,MKRN2,RAF1,IQSEC1,TMEM43,XPC,SLC6A6,CCDC174,FGD5-AS1,NR2C2,MRPS25,RBSN,CAPN7,METTL6,HACL1,BTD,ANKRD28,AC090945.1,OXNAD1,RFTN1,PLCL2,TBC1D5,KCNH8,AC061958.1,RAB5A,KAT2B,SGO1-AS1,UBE2E2,UBE2E1,RPL15,NR1D2,TOP2B,NGLY1,SLC4A7,CMC1,AZI2,ZCWPW2,RBMS3,TGFBR2,STT3B,OSBPL10,GPD1L,CMTM8,CMTM7,CMTM6,DYNC1LI1,CNOT10,GLB1,CRTAP,SUSD5,FBXL2,UBP1,CLASP2,PDCD6IP,EPM2AIP1,MLH1,LRRFIP2,GOLGA4,C3orf35,ITGA9-AS1,CTDSPL,ACAA1,OXSR1,XYLB,ACVR2B,EXOG,WDR48,GORASP1,RPSA,RPL14,ZNF621,CTNNB1,ULK4,TRAK1,SEC22C,SS18L2,NKTR,AC006059.1,ZBTB47,SNRK,ANO10,TCAIM,ZNF445,ZNF197,ZDHHC3,EXOSC7,CDCP1,LARS2,LIMD1,SACM1L,FYCO1,CCDC12,SETD2,KLHL18,PTPN23,SCAP,SMARCC1,DHX30,MAP4,ZNF589,NME6,PLXNB1,SHISA5,UQCRC1,SLC26A6,IP6K2,PRKAR2A,ARIH2,WDR6,QRICH1,LAMB2,USP4,RHOA,TCTA,DAG1,APEH,IP6K1,RBM6,RBM5,GNAI2,SEMA3B,RASSF1,TMEM115,DCAF1,RAD54L2,TEX264,RPL29,ALAS1,WDR82,NISCH,SMIM4,PBRM1,GNL3,GLT8D1,SPCS1,NEK4,STIMATE,SFMBT1,RFT1,PRKCD,TKT,DCP1A,CACNA1D,ACTR8,CACNA2D3,ERC2,CCDC66,TASOR,ARHGEF3,IL17RD,APPL1,PDE12,ARF4,DENND6A,SLMAP,FLNB,ABHD6,PXK,PDHB,C3orf67,AC126121.3,FHIT,PTPRG,PTPRG-AS1,CADPS,THOC7,AC104162.2,ATXN7,PSMD6,SLC25A26,SUCLG2,SUCLG2-AS1,EOGT,TMF1,UBA3,ARL6IP5,FRMD4B,MITF,SAMMSON,FOXP1,RYBP,SHQ1,GXYLT2,PPP4R2,PDZRN3,LINC02018,ZNF717,ROBO2,ROBO1,AC108690.1,AC068756.1,LINC02050,GBE1,CHMP2B,CGGBP1,ZNF654,C3orf38,PROS1,ARL13B,NSUN3,MTRNR2L12,CRYBG3,RIOX2,CLDND1,CPOX,ST3GAL6,DCBLD2,CMSS1,FILIP1L,TBC1D23,NIT2,TOMM70,TFG,SENP7,PCNP,AC084198.2,ZBTB11,CEP97,NFKBIZ,CBLB,DUBR,BBX,CD47,CIP2A,DZIP3,MORC1,AC063923.2,LINC00488,NECTIN3-AS1,NECTIN3,ABHD10,AC112487.1,ATG3,SLC35A5,CCDC80,NEPRO,AC078785.1,BOC,CFAP44,SPICE1,USF3,NAA50,ATP6V1A,CCDC191,QTRT2,ZBTB20,LSAMP,AC092691.1,IGSF11,B4GALT4,ARHGAP31,TMEM39A,POGLUT1,TIMMDC1,PLA1A,GSK3B,LRRC58,FSTL1,GOLGB1,IQCB1,FAM162A,KPNA1,PARP9,DTX3L,PARP14,HSPBAP1,SLC49A4,PDIA5,SEC22A,HACD2,MYLK-AS1,MYLK,CCDC14,KALRN,ITGB5,HEG1,ZNF148,SNX4,OSBPL11,LINC02614,ROPN1B,SLC41A3,ZXDC,TXNRD3,CHCHD6,PLXNA1,TPRA1,SEC61A1,RUVBL1,EEFSEC,RPN1,RAB7A,ACAD9,RAB43,CNBP,COPG1,MBD4,IFT122,TMCC1,TMCC1-AS1,PIK3R4,ATP2C1,NEK11,MRPL3,DNAJC13,ACAD11,UBA5,NPHP3,TMEM108,CDV3,TOPBP1,SRPRB,RAB6B,RYK,CEP63,EPHB1,AC092969.1,PPP2R3A,MSL2,PCCB,STAG1,NCK1,DZIP1L,ARMC8,MRAS,CEP70,PIK3CB,MRPS22,COPB2,AC046134.2,SLC25A36,ZBTB38,RASA2,ATP1B3,TFDP2,GK5,XRN1,ATR,TRPC1,U2SURP,SLC9A9,DIPK2A,PLOD2,PLSCR1,GYG1,HLTF,HPS3,TM4SF1,WWTR1,COMMD2,ANKUB1,RNF13,TSC22D2,SERP1,EIF2A,SELENOT,MED12L,MBNL1,RAP2B,DHX36,SLC33A1,GMPS,SSR3,TIPARP,CCNL1,AC092944.1,RSRC1,GFM1,MFSD1,IQCJ-SCHIP1,IFT80,SMC4,KPNA4,PPM1L,NMD3,PDCD10,GOLIM4,MYNN,SEC62,PHC3,PRKCI,SKIL,SLC7A14-AS1,AC026316.5,AC026316.2,TNIK,PLD1,FNDC3B,NCEH1,ECT2,NLGN1,NAALADL2,TBL1XR1,AC026355.3,KCNMB2-AS1,ZMAT3,PIK3CA,MFN1,GNB4,ACTL6A,NDUFB5,USP13,TTC14,FXR1,DNAJC19,SOX2-OT,SOX2,ATP11B,DCUN1D1,MCCC1,MCF2L2,KLHL6,KLHL24,YEATS2,PARL,ABCC5,EIF2B5,DVL3,AP2M1,ALG3,PSMD2,EIF4G1,POLR2H,VPS8,EHHADH,MAP3K13,TMEM41A,SENP2,IGF2BP2,TRA2B,ETV5,DGKG,TBCCD1,DNAJB11,EIF4A2,ST6GAL1,BCL6,LPP,TPRG1,P3H2,IL1RAP,CCDC50,FGF12,OPA1,ATP13A3,TMEM44,LSG1,XXYLT1,ACAP2,PPP1R2,APOD,TNK2,TFRC,PCYT1A,UBXN7,RNF168,PIGX,PAK2,SENP5,NCBP2,PIGZ,MELTF,,,,,,,,,,,,,,,,,,,,,,,,,,,,,,,,,,,,,,,,,,,,,,,,,,,,,,,,,,,,,,,,,,,,,,,,,,,,,,,,,,,,,,,,,,,,,,,,,,,
Ribas-1Pre_S102_L001_tumor,4,2000001,189000000,GAIN,3,187,0.342658827,5,NELFA,C4orf48,NAT8L,HAUS3,MXD4,ZFYVE28,RNF4,FAM193A,TNIP2,SH3BP2,ADD1,MFSD10,NOP14,HTT,RGS12,LRPAP1,AL590235.1,TMEM128,LYAR,ZBTB49,NSG1,STX18,STX18-AS1,STK32B,EVC2,EVC,WFS1,MAN2B2,KIAA0232,TBC1D14,AFAP1,ACOX3,TRMT44,WDR1,RAB28,BOD1L1,AC092546.1,LINC00504,CPEB2,CC2D2A,FBXL5,FAM200B,TAPT1,AC097515.1,LDB2,QDPR,LAP3,MED28,DCAF16,NCAPG,LCORL,LINC02438,AC024230.1,SLIT2,PACRGL,ADGRA3,DHX15,CCDC149,SEPSECS,PI4K2B,ZCCHC4,ANAPC4,RBPJ,TBC1D19,STIM2,AC093791.1,PCDH7,LINC02506,AC079772.1,AC016687.3,LINC02484,ARAP2,LINC02616,C4orf19,RELL1,PGM2,TBC1D1,KLF3,TLR1,TLR6,FAM114A1,KLHL5,WDR19,RFC1,UGDH,SMIM14,UBE2K,PDS5A,N4BP2,APBB2,TMEM33,SLC30A9,ATP8A1,GUF1,GNPDA2,ATP10D,CORIN,NFXL1,SLAIN2,FRYL,OCIAD1,DCUN1D4,SGCB,USP46,DANCR,SCFD2,FIP1L1,AC124017.1,CHIC2,TMEM165,CLOCK,EXOC1,CEP135,AASDH,PPAT,PAICS,SRP72,REST,NOA1,POLR2B,IGFBP7,LINC02835,EPHA5,AC116049.2,AC104806.2,CENPC,UBA6,UBA6-AS1,YTHDC1,RUFY3,GRSF1,MOB1B,DCK,COX18,ANKRD17,AC053527.2,MTHFD2L,RCHY1,THAP6,G3BP2,USO1,SDAD1,NUP54,SCARB2,SEPTIN11,CCNI,CCNG2,CNOT6L,MRPL1,BMP2K,PAQR3,LINC01088,NAA11,HNRNPD,HNRNPDL,ENOPH1,SCD5,SEC31A,THAP9-AS1,LIN54,COPS4,COQ2,HELQ,MRPS18C,ABRAXAS1,GPAT3,AC079160.1,WDFY3,ARHGAP24,PTPN13,AFF1,KLHL8,HSD17B11,NUDT9,AC131944.1,SPP1,PKD2,PPM1K,PYURF,HERC3,FAM13A,SNCA,SMARCAD1,PDLIM5,BMPR1B,LINC02267,STPG2,RAP1GDS1,TSPAN5,EIF4E,METAP1,ADH5,AP002026.1,LAMTOR3,DNAJB14,PPP3CA,SLC39A8,NFKB1,MANBA,UBE2D3,CISD2,SLC9B1,SLC9B2,BDH2,CENPE,TET2,PPA2,INTS12,GSTCD,TBCK,AIMP1,PAPSS1,SGMS2,AC096564.1,CYP2U1,HADH,LEF1,RPL34-AS1,OSTC,SEC24B,PLA2G12A,GAR1,EGF,ELOVL6,AP1AR,ALPK1,ZGRF1,LARP7,ANK2,AC093879.1,CAMK2D,SNHG8,METTL14,SEC24D,USP53,PDE5A,AC073475.1,PRDM5,ANXA5,EXOSC9,BBS7,KIAA1109,FGF2,SPATA5,LINC01091,ANKRD50,INTU,MFSD8,ABHD18,LARP1B,PGRMC2,LINC02615,JADE1,SCLT1,C4orf33,LINC02377,AC015631.1,LINC02511,NOCT,ELF2,NAA15,AC097376.3,RAB33B,SETD7,MAML3,ELMOD2,TBC1D9,RNF150,ZNF330,INPP4B,AC139720.1,USP38,GAB1,SMARCA5,ANAPC10,ABCE1,OTUD4,SMAD1,MMAA,ZNF827,LSM6,SLC10A7,TMEM184C,PRMT9,ARHGAP10,NR3C2,DCLK2,LRBA,RPS3A,SH3D19,GATB,FBXW7,ARFIP1,FHDC1,TRIM2,TMEM131L,PLRG1,CTSO,GASK1B,FAM198B-AS1,TMEM144,ETFDH,PPID,FNIP2,RAPGEF2,FSTL5,NAF1,TMA16,TMEM192,KLHL2,MSMO1,DDX60,DDX60L,PALLD,CBR4,SH3RF1,NEK1,CLCN3,HPF1,MFAP3L,AADAT,GALNT7,SAP30,LINC02269,FBXO8,CEP44,SPCS3,AGA,AC078881.1,DCTD,WWC2,RWDD4,TRAPPC11,IRF2,CASP3,PRIMPOL,ACSL1,SLC25A4,CFAP97,SNX25,AC112722.1,UFSP2,PDLIM3,SORBS2,CYP4V2,FAT1,LINC01060,,,,,,,,,,,,,,,,,,,,,,,,,,,,,,,,,,,,,,,,,,,,,,,,,,,,,,,,,,,,,,,,,,,,,,,,,,,,,,,,,,,,,,,,,,,,,,,,,,,,,,,,,,,,,,,,,,,,,,,,,,,,,,,,,,,,,,,,,,,,,,,,,,,,,,,,,,,,,,,,,,,,,,,,,,,,,,,,,,,,,,,,,,,,,,,,,,,,,,,,,,,,,,,,,,,,,,,,,,,,,,,,,,,,,,,,,,,,,,,,,,,,,,,,
Ribas-1Pre_S102_L001_tumor,5,1000001,180000000,NEUT,2,179,0.003260491,6,CLPTM1L,LPCAT1,LINC01019,AC091978.1,ICE1,NSUN2,SRD5A1,TENT4A,LINC02196,ADCY2,MTRR,AC091912.3,CCT5,DAP,AC106771.1,LINC01194,TRIO,OTULIN,ANKH,FBXL7,ZNF622,RETREG1,MYO10,BASP1,LINC02241,C5orf17,LINC02228,LINC02211,PURPL,AC008825.1,LINC02109,AC099517.1,DROSHA,C5orf22,GOLPH3,MTMR12,ZFR,SUB1,SLC45A2,RAI14,DNAJC21,LMBRD2,SKP2,NADK2,NIPBL,CPLANE1,NUP155,WDR70,RICTOR,DAB2,TTC33,PRKAA1,OXCT1,C5orf51,SELENOP,AC025171.1,ZNF131,HMGCS1,CCL28,TMEM267,PAIP1,NNT-AS1,NNT,MRPS30-DT,MRPS30,PARP8,ITGA2,MOCS2,NDUFS4,ARL15,SNX18,GPX8,DHX29,MTREX,PLPP1,SLC38A9,IL6ST,MAP3K1,MIER3,GPBP1,AC025470.2,PDE4D,ERCC8,NDUFAF2,ZSWIM6,KIF2A,DIMT1,IPO11,RNF180,SREK1IP1,CWC27,ADAMTS6,CENPK,PPWD1,TRIM23,TRAPPC13,SGTB,NLN,ERBIN,SREK1,PIK3R1,SLC30A5,RAD17,NAIP,BDP1,MCCC2,MAP1B,MRPS27,PTCD2,TNPO1,FCHO2,ANKRA2,UTP15,ARHGEF28,HEXB,GFM2,HMGCR,CERT1,POLK,POC5,IQGAP2,F2R,AGGF1,ZBED3-AS1,PDE8B,WDR41,TBCA,AP3B1,SCAMP1,LHFPL2,ARSB,JMY,HOMER1,TENT2,MTX3,THBS4,AC012636.1,SERINC5,ZFYVE16,AC008771.1,DHFR,MSH3,CKMT2-AS1,ZCCHC9,SSBP2,ATG10,RPS23,ATP6AP1L,TMEM167A,XRCC4,VCAN,RASA1,CCNH,TMEM161B,TMEM161B-AS1,MEF2C,MEF2C-AS1,MBLAC2,POLR3G,LYSMD3,ARRDC3,AC114316.1,FAM172A,KIAA0825,SLF1,MCTP1,TTC37,RHOBTB3,ELL2,AC104123.1,CAST,ERAP1,ERAP2,LNPEP,RGMB,CHD1,FAM174A,PAM,PPIP5K2,C5orf30,LINC02163,AC099520.1,EFNA5,FBXL17,FER,PJA2,MAN2A1,TMEM232,SLC25A46,WDR36,EPB41L4A,APC,SRP19,REEP5,DCP2,MCC,YTHDC2,KCNN2,TRIM36,PGGT1B,CCDC112,FEM1C,TMED7,ATG12,AP3S1,COMMD10,SEMA6A,SEMA6A-AS1,DTWD2,DMXL1,TNFAIP8,HSD17B4,AC113418.1,PRR16,SRFBP1,SNX2,CEP120,CSNK1G3,AC116362.1,GRAMD2B,ALDH7A1,PHAX,LMNB1,PRRC1,LINC01184,SLC12A2,CHSY3,CDC42SE2,RAPGEF6,FNIP1,MIR3936HG,RAD50,KIF3A,SEPTIN8,AFF4,ZCCHC10,HSPA4,C5orf15,VDAC1,SKP1,PPP2CA,CDKL3,UBE2B,JADE2,SAR1B,SEC24A,DDX46,C5orf24,TXNDC15,PCBD2,CXCL14,SMAD5,AC112178.1,SPOCK1,FAM13B,BRD8,CDC23,FAM53C,KDM3B,ETF1,HSPA9,CTNNA1,SIL1,SNHG4,PAIP2,UBE2D2,CXXC5,NRG2,PURA,CYSTM1,PFDN1,ANKHD1,SRA1,IK,WDR55,HARS2,TAF7,PCDHGA12,PCDHGC3,DIAPH1,HDAC3,ARAP3,DELE1,RNF14,GNPDA1,NDFIP1,SPRY4,SPRY4-AS1,ARHGAP26,NR3C1,YIPF5,PRELID2,RBM27,TCERG1,PPP2R2B,STK32A-AS1,STK32A,DPYSL3,AC011346.1,FBXO38,SH3TC2,ABLIM3,CSNK1A1,PPARGC1B,SLC26A2,HMGXB3,ARSI,TCOF1,CD74,NDST1,SYNPO,RBM22,DCTN4,TNIP1,GM2A,SLC36A1,SPARC,G3BP1,FAM114A2,MFAP3,GALNT10,SAP30L,LARP1,FAXDC2,CNOT8,GEMIN5,MRPL22,SGCD,ADAM19,CLINT1,EBF1,RNF145,UBLCP1,TTC1,PWWP2A,CCNJL,SLU7,MIR3142HG,ATP10B,GABRG2,AC113414.1,CCNG1,MAT2B,PANK3,SLIT3,DOCK2,LCP2,RANBP17,NPM1,FBXW11,STK10,UBTD2,SH3PXD2B,ERGIC1,ATP6V0E1,CREBRF,BOD1,CPEB4,LINC01411,SFXN1,THOC3,SIMC1,KIAA1191,FAF2,RNF44,TSPAN17,UIMC1,ZNF346,NSD1,RAB24,LMAN2,PDLIM7,FAM193B,TMED9,RMND5B,HNRNPAB,PHYKPL,CLK4,ZNF354B,RUFY1,HNRNPH1,CANX,MAML1,MGAT4B,SQSTM1,MRNIP,TBC1D9B,RNF130,,,,,,,,,,,,,,,,,,,,,,,,,,,,,,,,,,,,,,,,,,,,,,,,,,,,,,,,,,,,,,,,,,,,,,,,,,,,,,,,,,,,,,,,,,,,,,,,,,,,,,,,,,,,,,,,,,,,,,,,,,,,,,,,,,,,,,,,,,,,,,,,,,,,,,,,,,,,,,,,,,,,,,,,,,,,,,,,,,,,,,,,,,,,,,,,,,,,,,,,,,,,,,,
Ribas-1Pre_S102_L001_tumor,6,1000001,28000000,HLAMP,5,27,0.885256432,7,LINC01622,GMDS,GMDS-DT,WRNIP1,SERPINB1,SERPINB6,NQO2,RIPK1,BPHL,LINC02525,PSMG4,SLC22A23,PXDC1,PRPF4B,ECI2,AL034376.1,CDYL,LYRM4,FARS2,RREB1,SSR1,RIOK1,SNRNP48,TXNDC5,BLOC1S5,EEF1E1,SLC35B3,HULC,TFAP2A,TFAP2A-AS1,LINC00518,MIR5689HG,GCNT2,PAK1IP1,TMEM14C,TMEM14B,SMIM13,NEDD9,TMEM170B,HIVEP1,PHACTR1,TBC1D7,GFOD1,SIRT5,NOL7,RANBP9,MCUR1,CD83,AL138720.1,JARID2,DTNBP1,MYLIP,GMPR,ATXN1,CAP2,FAM8A1,NUP153,KIF13A,TPMT,KDM1B,DEK,RNF144B,MIR548A1HG,MBOAT1,E2F3,CDKAL1,SOX4,CASC15,MRS2,TDP2,ACOT13,C6orf62,GMNN,RIPOR2,CARMIL1,TRIM38,BTN3A2,BTN2A2,BTN3A1,BTN3A3,BTN2A1,HCG11,HMGN4,ZNF322,,,,,,,,,,,,,,,,,,,,,,,,,,,,,,,,,,,,,,,,,,,,,,,,,,,,,,,,,,,,,,,,,,,,,,,,,,,,,,,,,,,,,,,,,,,,,,,,,,,,,,,,,,,,,,,,,,,,,,,,,,,,,,,,,,,,,,,,,,,,,,,,,,,,,,,,,,,,,,,,,,,,,,,,,,,,,,,,,,,,,,,,,,,,,,,,,,,,,,,,,,,,,,,,,,,,,,,,,,,,,,,,,,,,,,,,,,,,,,,,,,,,,,,,,,,,,,,,,,,,,,,,,,,,,,,,,,,,,,,,,,,,,,,,,,,,,,,,,,,,,,,,,,,,,,,,,,,,,,,,,,,,,,,,,,,,,,,,,,,,,,,,,,,,,,,,,,,,,,,,,,,,,,,,,,,,,,,,,,,,,,,,,,,,,,,,,,,,,,,,,,,,,,,,,,,,,,,,,,,,,,,,,,,,,,,,,,,,,,,,,,,,,,,,,,,,,,,,,,,,,,,,,,,,,,,,,,,,,,,,,,,,,,,,,,,,,,,,,,,,,,,,,,,,,,,
Ribas-1Pre_S102_L001_tumor,6,28000001,34000000,GAIN,3,6,-5.583490936,8,ZSCAN16-AS1,ZKSCAN8,ZSCAN9,ZSCAN26,ZKSCAN3,TRIM27,GABBR1,HLA-F,HLA-F-AS1,HLA-A,PPP1R11,TRIM26,HCG17,HCG18,TRIM39,HLA-E,GNL1,PRR3,ABCF1,PPP1R10,MRPS18B,ATAT1,DHX16,PPP1R18,MDC1,TUBB,FLOT1,IER3,HCG20,DDR1,VARS2,HLA-C,HLA-B,HCP5,DDX39B,NFKBIL1,PRRC2A,BAG6,C6orf47,CSNK2B,ABHD16A,CLIC1,MSH5,HSPA1A,SNHG32,NEU1,EHMT2,C2,NELFE,SKIV2L,STK19,TNXB,ATF6B,PPT2,AGPAT1,PBX2,HLA-DRA,HLA-DRB1,TAP2,TAP1,HLA-DMA,BRD2,HLA-DPA1,COL11A2,RXRB,SLC39A7,RING1,VPS52,RPS18,WDR46,RGL2,TAPBP,PHF1,CUTA,SYNGAP1,ITPR3,UQCC2,LEMD2,,,,,,,,,,,,,,,,,,,,,,,,,,,,,,,,,,,,,,,,,,,,,,,,,,,,,,,,,,,,,,,,,,,,,,,,,,,,,,,,,,,,,,,,,,,,,,,,,,,,,,,,,,,,,,,,,,,,,,,,,,,,,,,,,,,,,,,,,,,,,,,,,,,,,,,,,,,,,,,,,,,,,,,,,,,,,,,,,,,,,,,,,,,,,,,,,,,,,,,,,,,,,,,,,,,,,,,,,,,,,,,,,,,,,,,,,,,,,,,,,,,,,,,,,,,,,,,,,,,,,,,,,,,,,,,,,,,,,,,,,,,,,,,,,,,,,,,,,,,,,,,,,,,,,,,,,,,,,,,,,,,,,,,,,,,,,,,,,,,,,,,,,,,,,,,,,,,,,,,,,,,,,,,,,,,,,,,,,,,,,,,,,,,,,,,,,,,,,,,,,,,,,,,,,,,,,,,,,,,,,,,,,,,,,,,,,,,,,,,,,,,,,,,,,,,,,,,,,,,,,,,,,,,,,,,,,,,,,,,,,,,,,,,,,,,,,,,,,,,,,,,,,,,,,,,,,,,,,
Ribas-1Pre_S102_L001_tumor,6,34000001,57000000,HLAMP,5,23,0.873791335,9,SMIM29,NUDT3,ILRUN,UHRF1BP1,TAF11,ANKS1A,ZNF76,DEF6,PPARD,RPL10A,SRPK1,MAPK14,Z84485.1,BRPF3,KCTD20,STK38,SRSF3,PPIL1,C6orf89,MTCH1,TBC1D22B,RNF8,CMTR1,ZFAND3,BTBD9,GLO1,SAYSD1,KIF6,DAAM2,OARD1,NFYA,FOXP4,USP49,MED20,CCND3,TAF8,MRPS10,TRERF1,UBR2,BICRAL,RPL7L1,CNPY3,PEX6,PPP2R5D,KLHDC3,RRP36,CUL7,KLC4,PTK7,SRF,CUL9,ZNF318,ABCC10,TJAP1,POLR1C,YIPF3,XPO5,POLH,GTPBP2,MRPS18A,VEGFA,MRPL14,TMEM63B,SLC29A1,HSP90AB1,SLC35B2,AARS2,SPATS1,CDC5L,SUPT3H,RUNX2,SLC25A27,TNFRSF21,CD2AP,PTCHD4,AL353138.1,MMUT,CENPQ,PKHD1,MCM3,PAQR8,EFHC1,TRAM2,TMEM14A,GSTA4,ICK,FBXO9,ELOVL5,GCLC,LRRC1,DST,,,,,,,,,,,,,,,,,,,,,,,,,,,,,,,,,,,,,,,,,,,,,,,,,,,,,,,,,,,,,,,,,,,,,,,,,,,,,,,,,,,,,,,,,,,,,,,,,,,,,,,,,,,,,,,,,,,,,,,,,,,,,,,,,,,,,,,,,,,,,,,,,,,,,,,,,,,,,,,,,,,,,,,,,,,,,,,,,,,,,,,,,,,,,,,,,,,,,,,,,,,,,,,,,,,,,,,,,,,,,,,,,,,,,,,,,,,,,,,,,,,,,,,,,,,,,,,,,,,,,,,,,,,,,,,,,,,,,,,,,,,,,,,,,,,,,,,,,,,,,,,,,,,,,,,,,,,,,,,,,,,,,,,,,,,,,,,,,,,,,,,,,,,,,,,,,,,,,,,,,,,,,,,,,,,,,,,,,,,,,,,,,,,,,,,,,,,,,,,,,,,,,,,,,,,,,,,,,,,,,,,,,,,,,,,,,,,,,,,,,,,,,,,,,,,,,,,,,,,,,,,,,,,,,,,,,,,,,,,,,,,,,,,,,,,,,,,,,,,,,,,,
Ribas-1Pre_S102_L001_tumor,6,63000001,170000000,HETD,1,107,-0.467815507,10,PHF3,LMBRD1,FAM135A,SMAP1,LINC00472,EEF1A1,SLC17A5,CD109,AL357507.1,COL12A1,TMEM30A,SENP6,MYO6,AL355612.1,IRAK1BP1,PHIP,HMGN3,BCKDHB,IBTK,TPBG,UBE3D,DOP1A,PGM3,CEP162,TBX18,SNX14,SYNCRIP,ZNF292,SMIM8,SLC35A1,RARS2,ORC3,AKIRIN2,AL139042.1,RNGTT,PNRC1,UBE2J1,RRAGD,ANKRD6,LYRM2,MDN1,CASP8AP2,BACH2,MAP3K7,MANEA,UFL1,MMS22L,FBXL4,FAXC,PNISR,USP45,TSTD3,CCNC,ASCC3,GRIK2,HACE1,BVES,BVES-AS1,PREP,ATG5,QRSL1,PDSS2,SOBP,SEC63,OSTM1,SNX3,AFG1L,FOXO3,ARMC2,SESN1,CEP57L1,CD164,MICAL1,ZBTB24,AK9,FIG4,WASF1,CDC40,CDK19,AMD1,RPF2,SLC16A10,MFSD4B,REV3L,TRAF3IP2-AS1,TRAF3IP2,FYN,LAMA4,MARCKS,HDAC2,NT5DC1,DSE,ZUP1,KPNA5,GOPC,NUS1,SLC35F1,CEP85L,MCM9,MAN1A1,TBC1D32,SERINC1,RNF217,HDDC2,NCOA7,HINT3,TRMT11,RNF146,ECHDC1,PTPRK,LAMA2,ARHGAP18,EPB41L2,AKAP7,MED23,STX7,SLC18B1,RPS12,EYA4,SGK1,LINC01010,CT69,AL078590.2,HBS1L,AHI1,PDE7B,AL138828.1,BCLAF1,MAP3K5,PEX7,IFNGR1,TNFAIP3,PERP,ARFGEF3,NHSL1,REPS1,AL035446.2,VTA1,HIVEP2,AIG1,ADAT2,PEX3,FUCA2,PHACTR2,UTRN,EPM2A,SHPRH,GRM1,RAB32,STXBP5,SAMD5,AL033504.1,SASH1,UST,TAB2,PPIL4,GINM1,LATS1,PCMT1,LRP11,PPP1R14C,PLEKHG1,MTHFD1L,AKAP12,RMND1,ESR1,SYNE1,CNKSR3,SCAF8,TIAM2,TFB1M,ARID1B,TMEM242,ZDHHC14,SNX9,TULP4,TMEM181,SOD2,WTAP,TCP1,IGF2R,MAP3K4,PRKN,QKI,AL133538.1,PDE10A,SFT2D1,FGFR1OP,AFDN,SMOC2,WDR27,ERMARD,,,,,,,,,,,,,,,,,,,,,,,,,,,,,,,,,,,,,,,,,,,,,,,,,,,,,,,,,,,,,,,,,,,,,,,,,,,,,,,,,,,,,,,,,,,,,,,,,,,,,,,,,,,,,,,,,,,,,,,,,,,,,,,,,,,,,,,,,,,,,,,,,,,,,,,,,,,,,,,,,,,,,,,,,,,,,,,,,,,,,,,,,,,,,,,,,,,,,,,,,,,,,,,,,,,,,,,,,,,,,,,,,,,,,,,,,,,,,,,,,,,,,,,,,,,,,,,,,,,,,,,,,,,,,,,,,,,,,,,,,,,,,,,,,,,,,,,,,,,,,,,,,,,,,,,,,,,,,,,,,,,,,,,,,,,,,,,,,,,,,,,,,,,,,,,,,,,,,,,,,,,,,,,,,,,,,,,,,,,,,,,,,,,,,,,,,,,,,,,,,,,
Ribas-1Pre_S102_L001_tumor,7,1000001,159000000,HETD,1,158,-0.475722919,11,C7orf50,INTS1,MAD1L1,SNX8,EIF3B,TTYH3,GNA12,FOXK1,RBAK,WIPI2,TNRC18,ACTB,RNF216,PMS2,EIF2AK1,CYTH3,RAC1,KDELR2,ZNF316,ZNF12,C1GALT1,MIOS,UMAD1,GLCCI1,ICA1,PHF14,TMEM106B,AC011287.1,ETV1,ANKMY2,BZW2,AHR,SNX13,HDAC9,ITGB8,ABCB5,STEAP1B,FAM126A,KLHL7,NUP42,GPNMB,TRA2A,MPP6,OSBPL3,HNRNPA2B1,CBX3,SNX10,SKAP2,HIBADH,TAX1BP1,JAZF1,CREB5,SCRN1,PLEKHA8,ZNRF2,NOD1,GARS-DT,AVL9,KBTBD2,FKBP9,NT5C3A,BBS9,DPY19L1,HERPUD2,SEPTIN7,ELMO1,EPDR1,STARD3NL,VPS41,RALA,LINC00265,CDK13,SUGCT,GLI3,STK17A,COA1,URGCP,DBNL,AEBP1,YKT6,NUDCD3,TMED4,OGDH,ZMIZ2,PPIA,PURB,CCM2,TBRG4,ADCY1,TNS3,HUS1,UPP1,LINC01446,VOPP1,NIPSNAP2,CCT6A,SUMF2,ZNF736,ZNF680,ZNF107,ZNF138,VKORC1L1,GUSB,CRCP,TPST1,LINC00174,KCTD7,RABGEF1,TMEM248,TYW1,AUTS2,CALN1,TYW1B,POM121,BAZ1B,BUD23,EIF4H,CLIP2,GTF2IRD1,GTF2I,RCC1L,GTF2IRD2B,TRIM73,POM121C,HIP1,RHBDD2,HSPB1,YWHAG,PTPN12,RSBN1L,PHTF2,MAGI2,MAGI2-AS3,GNAI1,SEMA3C,CACNA2D1,SEMA3D,KIAA1324L,DMTF1,TMEM243,SLC25A40,GTPBP10,CLDN12,CDK14,MTERF1,AKAP9,CYP51A1,KRIT1,ANKIB1,GATAD1,PEX1,FAM133B,CDK6,VPS50,GNGT1,COL1A2,CASD1,SGCE,PON2,SLC25A13,SEM1,AC079781.5,LMTK2,BRI3,TRRAP,SMURF1,ARPC1A,ARPC1B,ZNF789,ZNF394,ZNF655,TRIM4,ZKSCAN1,PILRB,GIGYF1,EPHB4,SRRT,TRIM56,PLOD3,CUX1,PRKRIP1,POLR2J3,FAM185A,ARMC10,NAPEPLD,PMPCB,DNAJC2,ORC5,LHFPL3,LHFPL3-AS1,LINC01004,KMT2E,SRPK2,PUS7,RINT1,ATXN7L1,CDHR3,SYPL1,NAMPT,AC004917.1,CCDC71L,PRKAR2B,HBP1,COG5,BCAP29,CBLL1,DLD,LAMB1,NRCAM,PNPLA8,IMMP2L,DOCK4,ZNF277,IFRD1,TMEM168,BMT2,FOXP2,MDFIC,CAV2,CAV1,CAPZA2,ST7,CTTNBP2,LSM8,LINC02476,FAM3C,PTPRZ1,AASS,CADPS2,NDUFA5,WASL,POT1,ZNF800,SND1,RBM28,METTL2B,CALU,CCDC136,TNPO3,AHCYL2,STRIP2,NRF1,UBE2H,KLHDC10,TMEM209,COPG2,LINC00513,MKLN1,CHCHD3,EXOC4,LRGUK,SLC35B4,CALD1,CYREN,TMEM140,WDR91,CNOT4,NUP205,STMP1,MTPN,AC078845.1,AC024084.1,AC009264.1,DGKI,CREB3L2,TRIM24,KIAA1549,ZC3HAV1,UBN2,LUC7L2,HIPK2,KDM7A,SLC37A3,MKRN1,BRAF,TMEM178B,AGK,SSBP1,GSTK1,TCAF1,TPK1,CUL1,EZH2,PDIA4,ZNF282,ZNF783,ZNF746,ZNF862,SLC4A2,FASTK,AGAP3,RHEB,GALNT11,KMT2C,DPP6,PAXIP1,RBM33,LMBR1,NOM1,UBE3C,DNAJB6,ESYT2,WDR60,,,,,,,,,,,,,,,,,,,,,,,,,,,,,,,,,,,,,,,,,,,,,,,,,,,,,,,,,,,,,,,,,,,,,,,,,,,,,,,,,,,,,,,,,,,,,,,,,,,,,,,,,,,,,,,,,,,,,,,,,,,,,,,,,,,,,,,,,,,,,,,,,,,,,,,,,,,,,,,,,,,,,,,,,,,,,,,,,,,,,,,,,,,,,,,,,,,,,,,,,,,,,,,,,,,,,,,,,,,,,,,,,,,,,,,,,,,,,,,,,,,,,,,,,,,,,,,,,,,,,,,,,,,,,,,,,,,,,,,,,,,,,,,,,,,,
Ribas-1Pre_S102_L001_tumor,8,1000001,145000000,NEUT,2,144,-0.018480923,12,CLN8,ARHGEF10,CSMD1,MCPH1,AGPAT5,PRAG1,MFHAS1,ERI1,TNKS,MSRA,PINX1,XKR6,MTMR9,FDFT1,CTSB,AC145124.1,AC068587.4,LONRF1,AC123777.1,LINC00681,TRMT9B,DLC1,TUSC3,MSR1,AC011586.2,MICU3,ZDHHC2,CNOT7,VPS37A,MTUS1,PCM1,ASAH1,PSD3,AC100849.1,CSGALNACT1,INTS10,ATP6V1B2,LZTS1,XPO7,FAM160B2,BMP1,POLR3D,SLC39A14,PPP3CC,AC087854.1,SORBS3,CCAR2,BIN3,RHOBTB2,CHMP7,ENTPD4,SLC25A37,DOCK5,KCTD9,PPP2R2A,BNIP3L,DPYSL2,CCDC25,ELP3,FZD3,EXTL3,INTS9,HMBOX1,KIF13B,DUSP4,LINC00589,LINC02099,SARAF,LEPROTL1,RBPMS,GTF2E2,GSR,PPP2CB,WRN,AC090204.1,FUT10,AF279873.3,ERLIN2,RAB11FIP1,ASH2L,BAG4,DDHD2,PLPP5,NSD3,FGFR1,TACC1,PLEKHA2,TM2D2,ADAM9,SFRP1,GOLGA7,GPAT4,KAT6A,AP3M2,PLAT,IKBKB,POLB,VDAC3,SLC20A2,RNF170,HOOK3,FNTA,POMK,HGSNAT,SPIDR,PRKDC,UBE2V2,SNAI2,PCMTD1,RB1CC1,ATP6V1H,RGS20,TCEA1,LYPLA1,TMEM68,TGS1,LYN,PLAG1,CHCHD7,IMPAD1,UBXN2B,SDCBP,NSMAF,RAB2A,CHD7,ASPH,YTHDF3,CYP7B1,ARMC1,MTFR1,PDE7A,ADHFE1,VCPIP1,SGK3,COPS5,CSPP1,ARFGEF1,SULF1,NCOA2,TRAM1,XKR9,MSC-AS1,TERF1,STAU2,UBE2W,ELOC,CRISPLD1,HNF4G,AC011029.1,PEX2,ZC2HC1A,IL7,MRPS28,TPD52,ZBTB10,ZNF704,PAG1,IMPA1,ZFAND1,SNX16,AC060765.2,RBIS,WWP1,RMDN1,CPNE3,CNBD1,MMP16,AF117829.1,OSGIN2,NBN,DECR1,TMEM64,PIP4P2,OTUD6B,LRRC69,TRIQK,FAM92A,RBM12B,TMEM67,PDP1,VIRMA,ESRP1,DPY19L4,INTS8,NDUFAF6,TP53INP1,PLEKHF2,MTERF3,PTDSS1,SDC2,CPQ,MTDH,LAPTM4B,MATN2,POP1,STK3,VPS13B-DT,VPS13B,RNF19A,ANKRD46,PABPC1,YWHAZ,ZNF706,RRM2B,UBR5,AZIN1,ATP6V1C1,BAALC,BAALC-AS1,FZD6,SLC25A32,DCAF13,LRP12,ZFPM2,ZFPM2-AS1,OXR1,EIF3E,EMC2,NUDCD1,ENY2,EBAG9,LINC01608,TRPS1,EIF3H,RAD21,EXT1,TAF2,MRPL13,MTBP,SNTB1,ZHX2,DERL1,TBC1D31,C8orf76,ZHX1,ATAD2,FBXO32,FAM91A1,TMEM65,RNF139,TATDN1,MTSS1,SQLE,WASHC5,NSMCE2,TRIB1,PCAT1,MYC,PVT1,CCDC26,FAM49B,ASAP1,EFR3A,PHF20L1,NDRG1,ST3GAL1,ZFAT,KHDRBS3,COL22A1,TRAPPC9,AGO2,PTK2,SLC45A4,TSNARE1,JRK,LY6E,EEF1D,ZNF623,SCRIB,PUF60,NRBP2,PLEC,GRINA,GPAA1,CYC1,SHARPIN,MROH1,HSF1,SLC52A2,CPSF1,VPS28,CYHR1,ARHGAP39,ZNF251,RPL8,ZNF7,,,,,,,,,,,,,,,,,,,,,,,,,,,,,,,,,,,,,,,,,,,,,,,,,,,,,,,,,,,,,,,,,,,,,,,,,,,,,,,,,,,,,,,,,,,,,,,,,,,,,,,,,,,,,,,,,,,,,,,,,,,,,,,,,,,,,,,,,,,,,,,,,,,,,,,,,,,,,,,,,,,,,,,,,,,,,,,,,,,,,,,,,,,,,,,,,,,,,,,,,,,,,,,,,,,,,,,,,,,,,,,,,,,,,,,,,,,,,,,,,,,,,,,,,,,,,,,,,,,,,,,,,,,,,,,,,,,,,,,,,,,,,,,,,,,,,,,,,,,,,,,,,,,,,
Ribas-1Pre_S102_L001_tumor,9,1000001,138000000,HETD,1,137,-0.476196123,13,SMARCA2,VLDLR-AS1,VLDLR,PUM3,RFX3,GLIS3,AK3,RCL1,JAK2,PLGRKT,AL162253.2,RIC1,ERMP1,KIAA2026,MLANA,UHRF2,KDM4C,LURAP1L-AS1,MPDZ,NFIB,ZDHHC21,SNAPC3,PSIP1,CCDC171,BNC2,CNTLN,SH3GL2,ADAMTSL1,HAUS6,DENND4C,MLLT3,FOCAD,KLHL9,MTAP,CDKN2A,CDKN2B-AS1,LINC01239,CAAP1,PLAA,IFT74,C9orf72,LINGO2,LINC01242,ACO1,APTX,SMU1,B4GALT1,CHMP5,NFX1,UBE2R2,UBAP2,DCAF12,UBAP1,FAM219A,SIGMAR1,VCP,UNC13B,RUSC2,TLN1,GBA2,RECK,CLTA,GNE,RNF38,EBLN3P,ZCCHC7,FBXO10,TRMT10B,EXOSC3,DCAF10,SLC25A51,CNTNAP3B,PGM5,TMEM252-DT,FAM189A2,PTAR1,SMC5-AS1,SMC5,KLF9,CEMIP2,ABHD17B,C9orf85,LINC01504,ZFAND5,LINC01474,ANXA1,CARNMT1,OSTF1,PCSK5,PRUNE2,VPS13A,GNAQ,TLE1,UBQLN1,KIF27,HNRNPK,AGTPBP1,NAA35,GOLM1,TUT7,DAPK1,CTSL,SPIN1,SHC3,SECISBP2,AUH,SPTLC1,NOL8,CENPP,BICD2,FAM120A,PHF2,PTPDC1,AL158152.1,MFSD14B,AOPEP,FANCC,PTCH1,LINC00476,ERCC6L2,SLC35D2,HABP4,CDC14B,ZNF782,MFSD14C,CCDC180,TDRD7,TSTD2,NCBP1,ANKS6,COL15A1,TGFBR1,ALG2,STX17,ERP44,INVS,TEX10,MSANTD3,ABCA1,SLC44A1,FSD1L,FKTN,TMEM38B,LINC01505,ZNF462,RAD23B,ELP1,CTNNAL1,TMEM245,PTPN3,ECPAS,PTGR1,DNAJC25,UGCG,PTBP3,HSDL2,KIAA1958,SNX30,FKBP15,SLC31A1,ZNF618,COL27A1,AKNA,WHRN,TMEM268,1-Dec,TNC,ASTN2,CDK5RAP2,MEGF9,FBXW2,PSMD5,TRAF1,CNTRL,RAB14,GSN,STOM,DAB2IP,TTLL11,MRRF,RC3H2,RABGAP1,STRBP,DENND1A,NEK6,PSMB7,NR6A1,MIR181A2HG,GOLGA1,SCAI,PPP6C,HSPA5,GAPVD1,MAPKAP1,PBX3,ZBTB43,RALGPS1,GARNL3,LRSAM1,NIBAN2,STXBP1,ENG,DPM2,FAM102A,CIZ1,GOLGA2,COQ4,URM1,CERCAM,ODF2,SPTAN1,SET,ZER1,LRRC8A,PTPA,LINC00963,FNBP1,GPR107,FUBP3,ABL1,NUP214,PRRC2B,RAPGEF1,MED27,SETX,DDX31,TSC1,RALGDS,SURF4,VAV2,WDR5,COL5A1,CAMSAP1,NACC2,ENTR1,SEC16A,AGPAT2,SNHG7,RABL6,MAN1B1,DPP7,NSMF,PNPLA7,EHMT1,,,,,,,,,,,,,,,,,,,,,,,,,,,,,,,,,,,,,,,,,,,,,,,,,,,,,,,,,,,,,,,,,,,,,,,,,,,,,,,,,,,,,,,,,,,,,,,,,,,,,,,,,,,,,,,,,,,,,,,,,,,,,,,,,,,,,,,,,,,,,,,,,,,,,,,,,,,,,,,,,,,,,,,,,,,,,,,,,,,,,,,,,,,,,,,,,,,,,,,,,,,,,,,,,,,,,,,,,,,,,,,,,,,,,,,,,,,,,,,,,,,,,,,,,,,,,,,,,,,,,,,,,,,,,,,,,,,,,,,,,,,,,,,,,,,,,,,,,,,,,,,,,,,,,,,,,,,,,,,,,,,,,,,,,,,,,,,,,,,,,,,,,,,,,,,
Ribas-1Pre_S102_L001_tumor,10,1000001,133000000,NEUT,2,132,-0.023185552,14,GTPBP4,IDI2-AS1,WDR37,LINC00200,PFKP,PITRM1,KLF6,AC025822.2,LINC00702,AC018978.1,TASOR2,GDI2,ANKRD16,FBH1,RBM17,PFKFB3,AL392086.3,SFMBT2,KIN,ATP5F1C,TAF3,LINC02663,CELF2,USP6NL,UPF2,DHTKD1,NUDT5,CDC123,OPTN,SEPHS1,BEND7,PRPF18,AL157392.3,FRMD4A,FAM107B,DCLRE1C,RPP38,MINDY3,RSU1,CUBN,TRDMT1,VIM,ST8SIA6,HACD1,STAM,MRC1,NSUN6,ARL5B,PLXDC2,MLLT10,DNAJC1,COMMD3,BMI1,PIP4K2A,AL139815.1,MSRB2,KIAA1217,ARHGAP21,GPR158,PDSS1,ABI1,ANKRD26,YME1L1,ACBD5,RAB18,WAC-AS1,WAC,BAMBI,SVIL,MTPAP,ZNF438,ZEB1,ARHGAP12,KIF5B,EPC1,CCDC7,ITGB1,NRP1,PARD3,CUL2,CREM,CCNY,AL117336.2,ZNF248,ZNF25,ZNF33A,ZNF37A,ZNF33B,LINC01518,BMS1,CSGALNACT2,HNRNPF,WASHC2C,TIMM23,NCOA4,PTPN20,MAPK8,ERCC6,PARG,WASHC2A,SGMS1,PRKG1,IPMK,CISD1,UBE2D1,TFAM,BICC1,CCDC6,RHOBTB1,ARID5B,NRBF2,JMJD1C,REEP3,AC013287.1,LINC01515,SIRT1,HERC4,HNRNPH3,RUFY2,SLC25A16,TET1,CCAR1,DDX50,DDX21,SRGN,VPS26A,SUPV3L1,HKDC1,HK1,SAR1A,PPA1,EIF4EBP2,SGPL1,PSAP,CHST3,ASCC1,ANAPC16,DNAJB12,MICU1,MCU,P4HA1,ECD,FAM149B1,DNAJC9,CFAP70,ANXA7,PPP3CB,USP54,SEC24C,FUT11,ZSWIM8,NDST2,CAMK2G,VCL,AP3M1,ADK,KAT6B,SAMD8,ZNF503-AS1,LRMDA,KCNMA1,DLG5,POLR3A,ZMIZ1,ZCCHC24,NUTM2B-AS1,ANXA11,TSPAN14,NRG3,GHITM,CCSER2,WAPL,LDB3,BMPR1A,GLUD1,SHLD2,NUTM2A-AS1,MINPP1,ATAD1,PTEN,STAMBPL1,LIPA,KIF20B,RPP30,PCGF5,HECTD2,TNKS2,BTAF1,CPEB3,IDE,EXOC6,MYOF,FRA10AC1,SLC35G1,NOC3L,TBC1D12,HELLS,SORBS1,ALDH18A1,TCTN3,ENTPD1,ENTPD1-AS1,ZNF518A,TM9SF3,LCOR,RRP12,EXOSC1,ZDHHC16,MMS19,UBTD1,PI4K2A,MARVELD1,ZFYVE27,GOLGA7B,R3HCC1L,PYROXD2,HPS1,SLC25A28,ENTPD7,CUTC,COX15,ABCC2,DNMBP,CPN1,ERLIN1,CHUK,CWF19L1,BLOC1S2,SCD,NDUFB8,HIF1AN,SLF2,LZTS2,SFXN3,BTRC,POLL,FBXW4,OGA,ARMH3,LDB1,PPRC1,NOLC1,GBF1,CUEDC2,ACTR1A,SUFU,WBP1L,BORCS7,CNNM2,NT5C2,PCGF6,PDCD11,SH3PXD2A,SLK,GSTO1,SORCS1,XPNPEP1,ADD3,MXI1,SMNDC1,SMC3,RBM20,PDCD4,BBIP1,SHOC2,GPAM,ZDHHC6,VTI1A,TCF7L2,CASP7,NHLRC2,CCDC186,FAM160B1,TRUB1,ATRNL1,HSPA12A,SHTN1,PDZD8,RAB11FIP2,FAM204A,CACUL1,EIF3A,DENND10,SFXN4,PRDX3,GRK5,RGS10,TIAL1,INPP5F,MCMBP,SEC23IP,PLPP4,WDR11-AS1,WDR11,ATE1,NSMCE4A,TACC2,PLEKHA1,HTRA1,C10orf88,PSTK,IKZF5,ACADSB,BUB3,OAT,FAM53B,EEF1AKMT2,ABRAXAS2,AL731577.2,ZRANB1,CTBP2,EDRF1,UROS,BCCIP,DHX32,FANK1,ADAM12,C10orf90,DOCK1,PTPRE,MKI67,MGMT,GLRX3,PPP2R2D,LRRC27,INPP5A,,,,,,,,,,,,,,,,,,,,,,,,,,,,,,,,,,,,,,,,,,,,,,,,,,,,,,,,,,,,,,,,,,,,,,,,,,,,,,,,,,,,,,,,,,,,,,,,,,,,,,,,,,,,,,,,,,,,,,,,,,,,,,,,,,,,,,,,,,,,,,,,,,,,,,,,,,,,,,,,,,,,,,,,,,,,,,,,,,,,,,,,,,,,,,,,,,,,,,,,,,,,,,,,,,,,,,,,,,,,,,,,,,,,,,,,,,,,,,,,,,,,,,,,,,,,,,,,,,,,,,,,,,,,,
Ribas-1Pre_S102_L001_tumor,11,1000001,86000000,NEUT,2,85,0.007079305,15,AP2A2,TOLLIP,MOB2,CTSD,CD81,KCNQ1OT1,SLC22A18,NAP1L4,OSBPL5,ZNF195,NUP98,PGAP2,STIM1,AC104389.5,TRIM5,TRIM22,FAM160A2,SMPD1,TIMM10B,DNHD1,ILK,TPP1,AC107884.1,PPFIBP2,EIF3F,TRIM66,TMEM9B,SCUBE2,DENND5A,TMEM41B,IPO7,ZNF143,WEE1,SWAP70,SBF2-AS1,SBF2,AMPD3,RNF141,CTR9,EIF4G2,ZBED5,GALNT18,USP47,PARVA,TEAD1,ARNTL,BTBD10,FAR1,RRAS2,COPB1,PSMA1,PDE3B,CYP2R1,SOX6,C11orf58,PIK3C2A,NUCB2,SERGEF,SAAL1,MRGPRX3,HPS5,GTF2H1,LDHA,TSG101,UEVLD,SPTY2D1,ZDHHC13,NAV2,PRMT3,NELL1,GAS2,LINC02699,LGR4,LIN7C,BDNF-AS,METTL15,ARL14EP,MPPED2,DNAJC24,IMMP1L,ELP4,RCN1,EIF3M,QSER1,TCP11L1,CSTF3,HIPK3,KIAA1549L,CD59,FBXO3,CAPRIN1,NAT10,ABTB2,CAT,APIP,PDHX,CD44,TRIM44,LDLRAD3,TRAF6,C11orf74,AC021723.2,API5,TTC17,HSD17B12,ALKBH3,C11orf96,ACCSL,ACCS,EXT2,CD82,CRY2,PHF21A,DGKZ,AMBRA1,ATG13,ARHGAP1,CKAP5,C11orf49,ARFGAP2,DDB2,MADD,SLC39A13,CELF1,MTCH2,FNBP4,NUP160,PTPRJ,LINC02750,TNKS1BP1,SLC43A3,ZDHHC5,TMX2,CTNND1,LPXN,ZFP91,FAM111A,OSBP,PATL1,STX3,MRPL16,TCN1,MS4A7,PRPF19,TMEM109,DDB1,CYB561A3,TMEM138,CPSF7,SDHAF2,FADS3,BEST1,FTH1,INCENP,AHNAK,EEF1G,B3GAT3,GANAB,LRRN4CL,BSCL2,HNRNPUL2,TMEM179B,NXF1,STX5,SNHG1,SLC3A2,ATL3,RTN3,MARK2,OTUB1,MACROD1,STIP1,VEGFB,GPR137,ESRRA,SF1,VPS51,SYVN1,CAPN1,DPF2,FRMD8,NEAT1,MALAT1,SCYL1,LTBP3,EHBP1L1,MAP3K11,PCNX3,CFL1,MUS81,SF3B2,PACS1,YIF1A,ZDHHC24,CTSF,CCS,RBM14,RBM4,SPTBN2,C11orf80,KDM2A,ANKRD13D,RAD9A,CORO1B,GSTP1,NDUFV1,CHKA,KMT5B,C11orf24,LRP5,PPP6R3,CCND1,LTO1,PPFIA1,CTTN,NADSYN1,AP002495.1,RNF121,NUMA1,INPPL1,CLPB,ARAP1,FCHSD2,FAM168A,RAB6A,MRPL48,PAAF1,C2CD3,PPME1,PGM2L1,POLD3,RNF169,XRRA1,SPCS2,NEU3,ARRB1,RPS3,GDPD5,SERPINH1,UVRAG,THAP12,EMSY,ACER3,CAPN5,PAK1,CLNS1A,RSF1,AAMDC,INTS4,NDUFC2,ALG8,GAB2,AP003086.1,NARS2,TENM4,MIR4300HG,PRCP,RAB30,RAB30-DT,PCF11,AP000873.2,CCDC90B,DLG2,CREBZF,SYTL2,,,,,,,,,,,,,,,,,,,,,,,,,,,,,,,,,,,,,,,,,,,,,,,,,,,,,,,,,,,,,,,,,,,,,,,,,,,,,,,,,,,,,,,,,,,,,,,,,,,,,,,,,,,,,,,,,,,,,,,,,,,,,,,,,,,,,,,,,,,,,,,,,,,,,,,,,,,,,,,,,,,,,,,,,,,,,,,,,,,,,,,,,,,,,,,,,,,,,,,,,,,,,,,,,,,,,,,,,,,,,,,,,,,,,,,,,,,,,,,,,,,,,,,,,,,,,,,,,,,,,,,,,,,,,,,,,,,,,,,,,,,,,,,,,,,,,,,,,,,,,,,,,,,,,,,,,,,,,,,,,,,,,,,,,,
Ribas-1Pre_S102_L001_tumor,11,86000001,135000000,HETD,1,49,-0.152465455,16,PICALM,EED,HIKESHI,PRSS23,FZD4,TMEM135,AP000676.5,AP005436.1,RAB38,CTSC,TYR,NOX4,AP003400.1,CHORDC1,DISC1FP1,SLC36A4,CEP295,TAF1D,C11orf54,MED17,PANX1,MRE11,AMOTL1,ENDOD1,AP000787.1,SESN3,FAM76B,CEP57,MTMR2,MAML2,CCDC82,ARHGAP42,CEP126,YAP1,BIRC2,TMEM123,MMP8,DCUN1D5,DYNC2H1,CASP4,CASP1,MSANTD4,AASDHPPT,GUCY1A2,CWF19L2,ALKBH8,SLC35F2,CUL5,ACAT1,NPAT,ATM,POGLUT3,DDX10,AP003049.2,LINC02715,RDX,ZC3H12C,LINC02732,FDX1,ARHGAP20,SIK2,PPP2R1B,ALG9,DLAT,SDHD,PTS,ZW10,USP28,REXO2,CADM1,SIK3,PAFAH1B2,PCSK7,RNF214,CEP164,FXYD6,TMPRSS13,UBE4A,KMT2A,ARCN1,PHLDB1,DDX6,BCL9L,CCDC84,HYOU1,DPAGT1,CBL,OAF,ARHGEF12,TBCEL,SC5D,SORL1,MIR100HG,UBASH3B,JHY,HSPA8,TBRG1,SIAE,MSANTD2,PKNOX2,EI24,STT3A,CDON,FAM118B,SRPRA,FOXRED1,DCPS,ST3GAL4,ETS1,ARHGAP32,NFRKB,PRDM10,APLP2,ZBTB44,SNX19,JAM3,NCAPD3,VPS26B,,,,,,,,,,,,,,,,,,,,,,,,,,,,,,,,,,,,,,,,,,,,,,,,,,,,,,,,,,,,,,,,,,,,,,,,,,,,,,,,,,,,,,,,,,,,,,,,,,,,,,,,,,,,,,,,,,,,,,,,,,,,,,,,,,,,,,,,,,,,,,,,,,,,,,,,,,,,,,,,,,,,,,,,,,,,,,,,,,,,,,,,,,,,,,,,,,,,,,,,,,,,,,,,,,,,,,,,,,,,,,,,,,,,,,,,,,,,,,,,,,,,,,,,,,,,,,,,,,,,,,,,,,,,,,,,,,,,,,,,,,,,,,,,,,,,,,,,,,,,,,,,,,,,,,,,,,,,,,,,,,,,,,,,,,,,,,,,,,,,,,,,,,,,,,,,,,,,,,,,,,,,,,,,,,,,,,,,,,,,,,,,,,,,,,,,,,,,,,,,,,,,,,,,,,,,,,,,,,,,,,,,,,,,,,,,,,,,,,,,,,,,,,,,,,,,,,,,,,,,,,,,,,,,,,,,,,,,,
Ribas-1Pre_S102_L001_tumor,12,1000001,132000000,HETD,1,131,-0.095209217,17,ERC1,ADIPOR2,DCP1B,ITFG2,TULP3,TSPAN9,PARP11,TIGAR,C12orf4,NDUFA9,AC006206.2,CD9,TNFRSF1A,LTBR,NCAPD2,GAPDH,IFFO1,CHD4,ZNF384,COPS7A,MLF2,PTMS,TPI1,ENO2,ATN1,EMG1,C1S,SLC2A3,RIMKLB,PHC1,M6PR,A2M,AC092821.3,CLEC2D,AC022075.1,YBX3,PRH1,ETV6,LRP6,BORCS5,DUSP16,CREBL2,CDKN1B,HEBP1,EMP1,ATF7IP,WBP11,MGP,RERG,EPS8,STRAP,DERA,PLEKHA5,AEBP2,PYROXD1,RECQL,GOLT1B,LDHB,CMAS,ST8SIA1,C2CD5,ETNK1,SOX5,KRAS,RASSF8-AS1,RASSF8,AC024145.1,ITPR2,INTS13,FGFR1OP2,TM7SF3,MED21,STK38L,PPFIBP1,MRPS35,KLHL42,CCDC91,FAR2,ERGIC2,IPO8,CAPRIN2,DDX11,SINHCAF,DENND5B,AMN1,RESF1,BICD1,FGD4,DNM1L,YARS2,ALG10B,CPNE8,KIF21A,SLC2A13,GXYLT1,YAF2,PPHLN1,PRICKLE1,PUS7L,TWF1,TMEM117,ANO6,ARID2,SCAF11,SLC38A2,AC008014.1,RPAP3,SLC48A1,TMEM106C,SENP1,PFKM,KANSL2,CCNT1,ADCY6,DDX23,ARF3,PRKAG1,KMT2D,LMBR1L,DNAJC22,SPATS2,PRPF40B,FMNL3,TMBIM6,NCKAP5L,SMARCD1,AC074032.1,CERS5,LIMA1,LARP4,DIP2B,ATF1,SLC11A2,LETMD1,EIF4B,TNS2,CSAD,SP1,PRR13,PCBP2,ATF7,CALCOCO1,SMUG1,CBX5,HNRNPA1,ITGA5,CD63,SARNP,PMEL,CDK2,RAB5B,ERBB3,RPL41,ESYT1,MYL6,SMARCC2,ANKRD52,CS,CNPY2,STAT2,RBMS2,BAZ2A,ATP5F1B,PTGES3,NEMP1,STAT6,LRP1,R3HDM2,MBD6,DCTN2,OS9,TSPAN31,CTDSP2,LRIG3,USP15,MON2,PPM1H,RXYLT1,SRGAP1,XPOT,TBK1,RASSF3,GNS,LEMD3,AC025419.1,LINC02454,AC090023.2,TMBIM4,IRAK3,HELB,GRIP1,AC073530.1,CAND1,DYRK2,RAP1B,NUP107,SLC35E3,MDM2,CPM,CPSF6,FRS2,CCT2,CNOT2,AC025569.1,ZFC3H1,TMEM19,RAB21,TBC1D15,AC090015.1,ATXN7L3B,CAPS2,KRR1,AC078923.1,AC078820.1,PHLDA1,NAP1L1,BBS10,OSBPL8,ZDHHC17,NAV3,PAWR,PPP1R12A,METTL25,TMTC2,SLC6A15,LRRIQ1,ALX1,CEP290,TMTC3,DUSP6,AC010201.3,POC1B,ATP2B1,LUM,DCN,LINC02391,EEA1,AC138123.1,AC124947.1,NUDT4,UBE2N,MRPL42,CRADD,PLXNC1,CEP83,NR2C1,VEZT,METAP2,LTA4H,ELK3,CDK17,NEDD1,TMPO,SLC25A3,IKBIP,APAF1,ANKS1B,UHRF1BP1L,SCYL2,GAS2L3,ANO4,UTP20,ARL1,CHPT1,GNPTAB,DRAM1,WASHC3,PARPBP,NT5DC3,HSP90B1,TDG,TXNRD1,CHST11,SLC41A2,C12orf45,WASHC4,APPL2,CKAP4,POLR3B,RIC8B,TMEM263,CRY1,PWP1,PRDM4,SART3,CORO1C,SSH1,KCTD10,UBE3B,TCHP,GIT2,ANKRD13A,C12orf76,IFT81,ATP2A2,ANAPC7,ARPC3,VPS29,PPTC7,TCTN1,PPP1CC,ATXN2,BRAP,ACAD10,MAPKAPK5,ERP29,NAA25,HECTD4,PTPN11,TPCN1,PLBD2,RBM19,MED13L,C12orf49,HRK,FBXW8,FBXO21,WSB2,VSIG10,PEBP1,TAOK3,SUDS3,CIT,GCN1,RPLP0,PXN,GATC,SRSF9,RNF10,POP5,MLEC,SPPL3,P2RX7,CAMKK2,ANAPC5,RNF34,KDM2B,TMEM120B,SETD1B,PSMD9,MLXIP,VPS33A,CLIP1,ZCCHC8,RSRC2,KNTC1,DENR,HIP1R,VPS37B,ARL6IP4,MPHOSPH9,CDK2AP1,SBNO1,RILPL1,TMED2,DDX55,EIF2B1,GTF2H3,ATP6V0A2,CCDC92,ZNF664,NCOR2,SCARB1,UBC,BRI3BP,LINC02405,SLC15A4,STX2,SFSWAP,MMP17,ULK1,EP400,,,,,,,,,,,,,,,,,,,,,,,,,,,,,,,,,,,,,,,,,,,,,,,,,,,,,,,,,,,,,,,,,,,,,,,,,,,,,,,,,,,,,,,,,,,,,,,,,,,,,,,,,,,,,,,,,,,,,,,,,,,,,,,,,,,,,,,,,,,,,,,,,,,,,,,,,,,,,,,,,,,,,,,,,,,,,,,,,,,,,,,,,,,,,,,,,,,,,,,,,,,,,,,,,,,,,,,,,,,,,,,
Ribas-1Pre_S102_L001_tumor,13,20000001,111000000,AMP,4,91,0.63696573,18,ZMYM2,GJA3,CRYL1,IFT88,XPO4,LATS2,ZDHHC20,MICU2,SACS,LINC00327,TNFRSF19,MIPEP,SPATA13,PARP4,CENPJ,MTMR6,NUP58,ATP8A2,RNF6,CDK8,WASF3,USP12,LINC02340,GTF3A,MTIF3,LNX2,POLR1D,PAN3,POMP,SLC7A1,UBL3,KATNAL1,LINC00426,HMGB1,USPL1,HSPH1,B3GLCT,FRY,BRCA2,N4BP2L1,N4BP2L2,N4BP2L2-IT2,PDS5B,STARD13,AL139383.1,RFC3,NBEA,DCLK1,SPART,SPART-AS1,RFXAP,ALG5,EXOSC8,SUPT20H,POSTN,LINC00571,UFM1,FREM2,PROSER1,NHLRC3,LHFPL6,COG6,LINC00598,FOXO1,MRPS31,ELF1,WBP4,AL354696.2,MTRF1,NAA16,VWA8,DGKH,AKAP11,DNAJC15,ENOX1,CCDC122,SMIM2-AS1,TSC22D1,NUFIP1,GPALPP1,GTF2F2,TPT1,TPT1-AS1,COG3,ZC3H13,CPB2-AS1,LRRC63,LINC01198,LRCH1,ESD,SUCLA2,MED4,ITM2B,RB1,RCBTB2,FNDC3A,CDADC1,CAB39L,SETDB2,PHF11,RCBTB1,KPNA3,SPRYD7,DLEU2,TRIM13,DLEU1,RNASEH2B,INTS6,WDFY2,DHRS12,ATP7B,ALG11,NEK3,VPS36,CKAP2,SUGT1,AL442636.1,LINC02335,PCDH17,DIAPH3,TDRD3,LINC00355,LINC00383,BORA,DIS3,PIBF1,KLF12,TBC1D4,UCHL3,LMO7,CLN5,FBXL3,MYCBP2,SLAIN1,EDNRB,OBI1-AS1,OBI1,RBM26,NDFIP2,SPRY2,AL162493.1,MIR4500HG,MIR17HG,GPC6,DCT,TGDS,GPR180,ABCC4,DZIP1,DNAJC3,UGGT2,LINC00456,MBNL2,RAP2A,IPO5,FARP1,STK24,DOCK9,UBAC2,TM9SF2,CLYBL,PCCA,TMTC4,TPP2,BIVM,ERCC5,AL138701.2,ARGLU1,LIG4,ABHD13,IRS2,COL4A1,COL4A2,NAXD,CARS2,ANKRD10,,,,,,,,,,,,,,,,,,,,,,,,,,,,,,,,,,,,,,,,,,,,,,,,,,,,,,,,,,,,,,,,,,,,,,,,,,,,,,,,,,,,,,,,,,,,,,,,,,,,,,,,,,,,,,,,,,,,,,,,,,,,,,,,,,,,,,,,,,,,,,,,,,,,,,,,,,,,,,,,,,,,,,,,,,,,,,,,,,,,,,,,,,,,,,,,,,,,,,,,,,,,,,,,,,,,,,,,,,,,,,,,,,,,,,,,,,,,,,,,,,,,,,,,,,,,,,,,,,,,,,,,,,,,,,,,,,,,,,,,,,,,,,,,,,,,,,,,,,,,,,,,,,,,,,,,,,,,,,,,,,,,,,,,,,,,,,,,,,,,,,,,,,,,,,,,,,,,,,,,,,,,,,,,,,,,,,,,,,,,,,,,,,,,,,,,,,,,,,,,,,,,,,,,,,,,,,,,,,,
Ribas-1Pre_S102_L001_tumor,14,21000001,105000000,NEUT,2,84,-0.005528407,19,ARHGEF40,HNRNPC,SUPT16H,CHD8,RAB2B,TOX4,METTL3,DAD1,OXA1L,MMP14,LRP10,RBM23,PSMB5,ACIN1,SLC7A8,PABPN1,AP1G2,DHRS4-AS1,DCAF11,PSME2,RNF31,TM9SF1,KHNYN,SDR39U1,AL136018.1,STXBP6,AL110292.1,AL139023.1,PRKD1,G2E3,SCFD1,STRN3,HECTD1,HEATR5A,NUBPL,ARHGAP5,AKAP6,NPAS3,EGLN3,EAPP,SNX6,BAZ1A,SRP54,FAM177A1,PPP2R3C,PRORP,PSMA6,RALGAPA1,MBIP,SLC25A21,MIPOL1,SEC23A,TRAPPC6B,PNN,MIA2,FBXO33,AL049828.1,AL390800.1,LINC02315,LRFN5,KLHL28,TOGARAM1,PRPF39,FKBP3,FANCM,MIS18BP1,MDGA2,MGAT2,KLHDC1,KLHDC2,NEMF,ARF6,LINC01588,SOS2,L2HGDH,DMAC2L,MAP4K5,ATL1,SAV1,NIN,TMX1,FRMD6-AS2,FRMD6,GNG2,RTRAF,TXNDC16,ERO1A,PSMC6,STYX,GNPNAT1,FERMT2,DDHD1,AL365295.1,CNIH1,GMFB,SAMD4A,WDHD1,SOCS4,MAPK1IP1L,LGALS3,FBXO34,ATG14,KTN1,LINC00520,PELI2,TMEM260,EXOC5,AP5M1,NAA30,ARMH4,ACTR10,PSMA3,PSMA3-AS1,ARID4A,TIMM9,KIAA0586,DAAM1,GPR135,L3HYPDH,JKAMP,PCNX4,DHRS7,PPM1A,MNAT1,SLC38A6,PRKCH,HIF1A,SNAPC1,RHOJ,PPP2R5E,SGPP1,SYNE2,MTHFD1,ZBTB25,ZBTB1,PLEKHG3,CHURC1,FNTB,MAX,FUT8,AL359232.1,GPHN,MPP5,ATP6V1D,EIF2S1,TMEM229B,PLEKHH1,PIGH,VTI1B,RDH11,ZFYVE26,RAD51B,ZFP36L1,ACTN1,DCAF5,EXD2,SLC39A9,SUSD6,SRSF5,COX16,SYNJ2BP,AL357153.2,MED6,PCNX1,SIPA1L1,DPF3,ZFYVE1,RBM25,PSEN1,NUMB,ELMSAN1,ZNF410,ENTPD5,LIN52,ABCD4,NPC2,AREL1,YLPM1,DLST,MLH3,ACYP1,NEK9,TMED10,FOS,TTLL5,IFT43,GPATCH2L,ANGEL1,CIPC,POMT2,TMED8,VIPAS39,SPTLC2,ALKBH1,SLIRP,SNW1,NRXN3,CEP128,TSHR,AC007262.2,GTF2A1,SEL1L,LINC02328,LINC02296,LINC02330,AL359237.1,PTPN21,ZC3H14,TTC8,FOXN3,EFCAB11,TDP1,NRDE2,CALM1,TTC7B,RPS6KA5,DGLUCY,PPP4R3A,TRIP11,ATXN3,NDUFB1,CPSF2,SLC24A4,LGMN,GOLGA5,ITPK1,TMEM251,BTBD7,DDX24,IFI27L1,IFI27,DICER1,CLMN,SYNE3,ATG2B,PAPOLA,VRK1,SETD3,CCNK,EVL,YY1,SLC25A29,WDR25,PPP2R5C,DYNC1H1,HSP90AA1,WDR20,MOK,TECPR2,RCOR1,TRAF3,CDC42BPB,EIF5,MARK3,BAG5,KLC1,ZFYVE21,PPP1R13B,INF2,AKT1,AHNAK2,,,,,,,,,,,,,,,,,,,,,,,,,,,,,,,,,,,,,,,,,,,,,,,,,,,,,,,,,,,,,,,,,,,,,,,,,,,,,,,,,,,,,,,,,,,,,,,,,,,,,,,,,,,,,,,,,,,,,,,,,,,,,,,,,,,,,,,,,,,,,,,,,,,,,,,,,,,,,,,,,,,,,,,,,,,,,,,,,,,,,,,,,,,,,,,,,,,,,,,,,,,,,,,,,,,,,,,,,,,,,,,,,,,,,,,,,,,,,,,,,,,,,,,,,,,,,,,,,,,,,,,,,,,,,,,,,,,,,,,,,,,,,,,,,,,,,,,,,,,,,,,,,,,,,,,,,,,,,,,,,,,,,,,,,,,,,,
Ribas-1Pre_S102_L001_tumor,15,25000001,101000000,GAIN,3,76,0.344456425,20,SNHG14,UBE3A,ATP10A,GABRG3,HERC2,TJP1,FAN1,MTMR10,TRPM1,KLF13,FMN1,RYR3,AVEN,EMC7,KATNBL1,EMC4,SLC12A6,LPCAT4,GOLGA8A,GOLGA8B,AQR,ZNF770,AC021231.1,DPH6,DPH6-DT,C15orf41,MEIS2,AC068875.1,AC087473.1,SPRED1,FAM98B,AC013652.1,EIF2AK4,SRP14-AS1,CCDC9B,IVD,BAHD1,CHST14,CCDC32,KNL1,RAD51-AS1,RMDN3,DNAJC17,INO80,CHP1,OIP5-AS1,NUSAP1,RTF1,RPAP1,TYRO3,MGA,MAPKBP1,EHD4,VPS39,TMEM87A,GANC,CAPN3,ZNF106,SNAP23,LRRC57,STARD9,TTBK2,UBR1,TMEM62,CCNDBP1,ADAL,ZSCAN29,TUBGCP4,TP53BP1,PPIP5K1,CATSPER2,PDIA3,SERF2,FRMD5,CASC4,CTDSPL2,EIF3J-DT,EIF3J,SPG11,B2M,SORD,SPATA5L1,SLC30A4,BLOC1S6,SEMA6D,SLC24A5,MYEF2,DUT,FBN1,CEP152,SHC4,EID1,SECISBP2L,COPS2,GALK2,FAM227B,DTWD1,GABPB1,GABPB1-IT1,GABPB1-AS1,USP8,TRPM7,SPPL2A,AP4E1,DMXL2,TMOD2,TMOD3,LEO1,MAPK6,GNB5,MYO5A,ARPP19,FAM214A,ONECUT1,RAB27A,PIGB,CCPG1,DNAAF4,PYGO1,PRTG,NEDD4,RFX7,TEX9,ZNF280D,AC090517.5,TCF12,POLR2M,ALDH1A2,ADAM10,MINDY2,RNF111,SLTM,MYO1E,BNIP2,ANXA2,ICE2,RORA-AS1,RORA,VPS13C,TLN2,TPM1,LACTB,RPS27L,RAB8B,APH1B,USP3,HERC1,CIAO2A,SNX1,PPIB,CSNK1G1,TRIP4,ZNF609,OAZ2,PLEKHO2,SPG21,MTFMT,PDCD7,CLPX,DPP8,HACD3,INTS14,SLC24A1,DENND4A,RAB11A,DIS3L,MAP2K1,RPL4,SMAD3,AAGAB,IQCH,IQCH-AS1,MAP2K5,PIAS1,CLN6,FEM1B,CORO2B,ANP32A,GLCE,KIF23,RPLP1,TLE3,UACA,MYO9A,PKM,PARP6,HEXA,ARIH1,BBS4,ADPGK,NEO1,NPTN,CD276,PML,UBL7-AS1,CLK3,EDC3,CSK,SCAMP2,FAM219B,PPCDC,MAN2C1,SIN3A,PTPN9,SNUPN,CSPG4,UBE2Q2,FBXO22,ETFA,SCAPER,RCN2,TSPAN3,PEAK1,HMG20A,TBC1D2B,IDH3A,ACSBG1,WDR61,IREB2,PSMA4,MORF4L1,CTSH,RASGRF1,TMED3,MINAR1,MTHFS,AC015871.1,ZFAND6,FAH,CTXND1,AC016705.2,ARNT2,ABHD17C,CEMIP,MESD,TLNRD1,IL16,AC104041.1,EFL1,CPEB1,WHAMM,HOMER2,C15orf40,BTBD1,HDGFL3,WDR73,SEC11A,ZNF592,PDE8A,AKAP13,AGBL1,AC020687.1,MRPS11,DET1,AEN,MFGE8,ABHD2,FANCI,POLG,AP3S2,ARPIN,ZNF710,IQGAP1,CRTC3,BLM,FURIN,MAN2A2,UNC45A,VPS33B,SLCO3A1,FAM174B,LINC01578,CHD2,LINC01579,LINC01580,NR2F2-AS1,NR2F2,IGF1R,TTC23,LRRC28,MEF2A,AC090825.1,ADAMTS17,LINS1,ASB7,LRRK1,,,,,,,,,,,,,,,,,,,,,,,,,,,,,,,,,,,,,,,,,,,,,,,,,,,,,,,,,,,,,,,,,,,,,,,,,,,,,,,,,,,,,,,,,,,,,,,,,,,,,,,,,,,,,,,,,,,,,,,,,,,,,,,,,,,,,,,,,,,,,,,,,,,,,,,,,,,,,,,,,,,,,,,,,,,,,,,,,,,,,,,,,,,,,,,,,,,,,,,,,,,,,,,,,,,,,,,,,,,,,,,,,,,,,,,,,,,,,,,,,,,,,,,,,,,,,,,,,,,,,,,,,,,,,,,,,,,,,,,,,,,,,,,,,,,,,,,,,,,,,,,,,,,,,
Ribas-1Pre_S102_L001_tumor,16,1000001,90000000,GAIN,3,89,0.304838577,21,UBE2I,GNPTG,UNKL,CLCN7,IFT140,CRAMP1,JPT2,MAPK8IP3,NME3,MRPS34,SPSB3,HAGH,FAHD1,RPS2,ZNF598,TSC2,PKD1,PGP,E4F1,RNPS1,ABCA3,TBC1D24,ATP6V0C,AMDHD2,PDPK1,ERVK13-1,SRRM2,FLYWCH1,ZNF213-AS1,ZNF200,ZNF263,TIGD7,ZNF75A,ZSCAN32,CLUAP1,DNASE1,TRAP1,CREBBP,ADCY9,PAM16,CORO7,DNAJA3,NMRAL1,HMOX2,MGRN1,ANKS3,GLYR1,UBN1,NAGPA,ALG1,AC093515.1,METTL22,PMM2,USP7,C16orf72,GRIN2A,ATF7IP2,CLEC16A,LITAF,TXNDC11,ZC3H7A,RSL1D1,GSPT1,SNX29,CPPED1,ERCC4,MRTFB,PARN,BFAR,NOMO1,NPIPA1,PDXDC1,NTAN1,RRN3,BMERB1,MARF1,NDE1,FOPNL,ABCC1,XYLT1,AC010601.1,AC091489.1,ARL6IP1,SMG1,ITPRIPL2,GDE1,CCP110,VPS35L,KNOP1,IQCK,GPRC5B,THUMPD1,ERI2,TMEM159,CRYM,METTL9,NPIPB4,UQCRC2,MOSMO,EEF2K,POLR3E,CDR2,NPIPB5,USP31,COG7,GGA2,EARS2,UBFD1,PALB2,DCTN5,PRKCB,RBBP6,TNRC6A,ARHGAP17,LCMT1,NSMCE1,IL4R,GTF3C1,KIAA0556,AC016597.1,GSG1L,XPO6,CLN3,ATXN2L,TUFM,SH2B1,RABEP2,NFATC2IP,SPNS1,AC009093.2,QPRT,MAZ,MVP,CDIPT,SEZ6L2,KCTD13,TMEM219,TAOK2,INO80E,YPEL3,TBC1D10B,SEPHS2,ZNF785,ZNF689,FBRS,SRCAP,RNF40,BCL7C,FBXL19,ORAI3,SETD1A,STX4,VKORC1,KAT8,FUS,ITGAX,TGFB1I1,C16orf58,ZNF720,ZNF267,AC023824.3,AC018558.2,AC018558.7,VPS35,C16orf87,DNAJA2,NETO2,ITFG1,PHKB,LONP2,SIAH1,N4BP1,AC007611.1,CNEP1R1,HEATR3,TENT4B,BRD7,CYLD,CHD9,RBL2,RPGRIP1L,FTO,CRNDE,MMP2,LPCAT2,AMFR,NUDT21,OGFOD1,BBS2,NUP93,HERPUD1,NLRC5,CPNE2,RSPRY1,CX3CL1,CIAPIN1,COQ9,ADGRG1,KIFC3,USB1,CSNK2A2,GINS3,SETD6,CNOT1,SLC38A7,GOT2,AC040174.1,AC138305.1,CDH11,LINC00920,TK2,CKLF,CMTM3,CMTM4,DYNC1LI2,NAE1,CES2,CBFB,C16orf70,TRADD,FBXL8,HSF4,NOL3,KIAA0895L,E2F4,TMEM208,FHOD1,ATP6V0D1,AC009061.2,RIPOR1,CTCF,GFOD2,RANBP10,EDC4,PSKH1,SLC12A4,NFATC3,PLA2G15,SLC7A6,SLC7A6OS,PRMT7,ZFP90,CDH3,CDH1,TANGO6,UTP4,SNTB2,VPS4A,TERF2,CYB5B,NFAT5,NOB1,WWP2,PDPR,EXOSC6,DDX19B,DDX19A,ST3GAL2,COG4,SF3B3,MTSS2,VAC14,CMTR2,ZNF23,PHLPP2,AP1G1,ATXN1L,IST1,DHX38,LINC01572,AC004943.2,ZFHX3,PSMD7,AC009120.2,GLG1,RFWD3,WDR59,ZNRF1,BCAR1,CFDP1,TMEM170A,ADAT1,TERF2IP,MON1B,WWOX,MAF,CMC2,ATMIN,GAN,CMIP,MPHOSPH6,CDH13,AC009063.3,AC009063.2,MLYCD,MBTPS1,HSDL1,TAF1C,MEAK7,COTL1,KLHL36,USP10,ZDHHC7,GSE1,EMC8,COX4I1,MTHFSD,FBXO31,MAP1LC3B,ZCCHC14,KLHDC4,SLC7A5,BANP,ZFPM1,ZC3H18,CYBA,PIEZO1,GALNS,ACSF3,ANKRD11,SPG7,RPL13,CDK10,VPS9D1,ZNF276,FANCA,TCF25,MC1R,DEF8,,,,,,,,,,,,,,,,,,,,,,,,,,,,,,,,,,,,,,,,,,,,,,,,,,,,,,,,,,,,,,,,,,,,,,,,,,,,,,,,,,,,,,,,,,,,,,,,,,,,,,,,,,,,,,,,,,,,,,,,,,,,,,,,,,,,,,,,,,,,,,,,,,,,,,,,,,,,,,,,,,,,,,,,,,,,,,,,,,,,,,,,,,,,,,,,,,,,,,,,,,,,,,,,,,,,,,,,,,,,,,,,,,,,,,,,,,,,,,,,,,,,,,,,,,,,,,,,,,,,,,,,,,
Ribas-1Pre_S102_L001_tumor,17,1000001,81000000,NEUT,2,80,-0.037860646,22,ABR,YWHAE,CRK,MYO1C,PITPNA,PRPF8,WDR81,SMYD4,RPA1,DPH1,SMG6,TSR1,SGSM2,MNT,METTL16,PAFAH1B1,OR3A2,ASPA,CTNS,ITGAE,NCBP3,ZZEF1,ANKFY1,UBE2G1,PELP1,MINK1,RNF167,PFN1,CAMTA2,ZNF594,RABEP1,NUP88,RPAIN,DHX33,DERL2,KIAA0753,ALOX12-AS1,RNASEK,ACADVL,CTDNEP1,GPS2,NLGN2,ZBTB4,POLR2A,EIF4A1,CD68,MPDU1,FXR2,KDM6B,NAA38,CHD3,VAMP2,PFAS,NDEL1,MYH10,STX8,SCO1,MAP2K4,ELAC2,COX10-AS1,COX10,PMP22,CDRT4,TVP23C,TRIM16,ZSWIM7,TTC19,NCOR1,PIGL,UBB,TRPV2,SNHG29,CCDC144A,MPRIP,FLCN,COPS3,PEMT,RAI1,SREBF1,TOM1L2,DRG2,ALKBH5,FLII,TOP3A,SMCR8,FAM106A,TVP23B,PRPSAP2,EPN2,ALDH3A2,ULK2,AKAP10,SPECC1,USP22,LINC01563,DHRS7B,MAP2K3,AC129926.2,WSB1,KSR1,NLK,TNFAIP1,SARM1,KIAA0100,SDF2,SUPT6H,TRAF4,FAM222B,FLOT2,PHF12,MYO18A,NUFIP2,TAOK1,TP53I13,GIT1,SSH2,EFCAB5,NSRP1,BLMH,CPD,GOSR1,AC005562.1,CRLF3,ATAD5,TEFM,RNF135,NF1,UTP6,SUZ12,LRRC37B,RHOT1,ZNF207,PSMD11,MYO1D,TMEM98,LIG3,RFFL,RAD51D,SLFN5,AP2B1,TAF15,CCL18,MYO19,GGNBP2,AATF,ACACA,SYNRG,DDX52,MRPL45,SOCS7,SRCIN1,MLLT6,PIP4K2B,LASP1,RPL19,FBXL20,MED1,CDK12,STARD3,ERBB2,PSMD3,MED24,THRA,MSL1,CASC3,WIPF2,TOP2A,IGFBP4,SMARCE1,TMEM99,EIF1,P3H4,FKBP10,ACLY,CNP,DNAJC7,RAB5C,STAT5B,STAT5A,STAT3,CAVIN1,ATP6V0A1,NAGLU,COASY,MLX,RETREG3,TUBG2,EZH1,VPS25,BECN1,PSME3,AARSD1,VAT1,BRCA1,NBR2,NBR1,DHX8,ETV4,DUSP3,TMEM101,LSM12,G6PC3,HDAC5,TMUB2,ATXN7L3,UBTF,SLC25A39,GRN,GPATCH8,CCDC43,GJC1,EFTUD2,DCAKD,NMT1,MAP3K14,PLEKHM1,MAPT,KANSL1,ARL17A,NSF,GOSR2,AC005670.3,CDC27,ITGB3,EFCAB13,NPEPPS,KPNB1,SP2,CDK5RAP3,NFE2L1,CBX1,CALCOCO2,UBE2Z,SNF8,ZNF652,SPOP,SLC35B1,KAT7,ITGA3,PDK2,COL1A1,LRRC59,RSAD1,SPATA20,ANKRD40,LUC7L3,SPAG9,MBTD1,UTP18,TOM1L1,COX11,STXBP4,TRIM25,SCPEP1,AKAP1,MSI2,CUEDC1,VEZF1,SRSF1,DYNLL2,RNF43,MTMR4,RAD51C,PPM1E,TRIM37,YPEL2,CLTC,PTRH2,VMP1,RPS6KB1,RNFT1,HEATR6,USP32,APPBP2,PPM1D,BCAS3,TBX2,BRIP1,INTS2,MED13,TLK2,TANC2,CYB561,DCAF7,MAP3K3,STRADA,CCDC47,DDX42,FTSJ3,PSMC5,SMARCD2,ERN1,TEX2,POLG2,DDX5,CEP95,SMURF2,GNA13,CEP112,PRKCA,HELZ,PSMD12,PITPNC1,NOL11,BPTF,AC005332.4,AMZ2,ARSG,AC007780.1,WIPI1,PRKAR1A,ABCA8,ABCA5,MAP2K6,LINC00511,SLC39A11,FAM104A,TTYH2,TMEM104,SLC16A5,NT5C,NUP85,GGA3,GRB2,TMEM94,MYO15B,RECQL5,SAP30BP,UNK,WBP2,MRPL38,ACOX1,SRP68,EXOC7,RNF157,PRPSAP1,UBE2O,RHBDF2,SNHG16,ST6GALNAC2,MXRA7,METTL23,SRSF2,MFSD11,SEC14L1,SEPTIN9,TNRC6C,SYNGR2,PGS1,CYTH1,TIMP2,LGALS3BP,CANT1,CBX4,TBC1D16,GAA,SGSH,SLC26A11,RNF213,RNF213-AS1,RPTOR,,,,,,,,,,,,,,,,,,,,,,,,,,,,,,,,,,,,,,,,,,,,,,,,,,,,,,,,,,,,,,,,,,,,,,,,,,,,,,,,,,,,,,,,,,,,,,,,,,,,,,,,,,,,,,,,,,,,,,,,,,,,,,,,,,,,,,,,,,,,,,,,,,,,,,,,,,,,,,,,,,,,,,,,,,,,,,,,,,,,,,,,,,,,,,,,,,,,,,,,,,,,,,,,,,,,,,,,,,,,,,,,,,,,,,,,,,
Ribas-1Pre_S102_L001_tumor,18,1000001,78000000,HETD,1,77,-0.484029957,23,AP000829.1,LINC00470,AP005262.2,METTL4,SMCHD1,LPIN2,TGIF1,DLGAP1,LINC00667,EPB41L3,L3MBTL4,ARHGAP28,LAMA1,PTPRM,RAB12,MTCL1,NDUFV2,ANKRD12,TWSG1,RALBP1,PPP4R1,VAPA,NAPG,MPPE1,TUBB6,AFG3L2,SPIRE1,PSMG2,PTPN2,SEH1L,CEP192,LDLRAD4,FAM210A,RNMT,ZNF519,LINC01443,AP005242.3,AP005242.1,ROCK1,GREB1L,ESCO1,ABHD3,MIB1,RBBP8,CABLES1,TMEM241,RIOK3,NPC1,TTC39C,OSBPL1A,SS18,TAF4B,KCTD1,CDH2,B4GALT6,TRAPPC8,RNF125,RNF138,DTNA,MAPRE2,ZNF397,ZSCAN30,ZNF24,GALNT1,RPRD1A,SLC39A6,ELP2,MOCOS,FHOD3,TPGS2,KIAA1328,PIK3C3,SETBP1,EPG5,ATP5F1A,C18orf25,PIAS2,HDHD2,IER3IP1,SMAD2,CTIF,DYM,MBD1,ME2,SMAD4,MEX3C,MBD2,POLI,TCF4,TXNL1,WDR7,AC027097.2,NEDD4L,MALT1,LMAN1,PIGN,RELCH,ZCCHC2,PHLPP1,BCL2,KDSR,VPS4B,CDH19,TMX3,RTTN,SOCS6,CNDP2,ZNF407,ZADH2,TSHZ1,ZNF516,ZNF236,MBP,,,,,,,,,,,,,,,,,,,,,,,,,,,,,,,,,,,,,,,,,,,,,,,,,,,,,,,,,,,,,,,,,,,,,,,,,,,,,,,,,,,,,,,,,,,,,,,,,,,,,,,,,,,,,,,,,,,,,,,,,,,,,,,,,,,,,,,,,,,,,,,,,,,,,,,,,,,,,,,,,,,,,,,,,,,,,,,,,,,,,,,,,,,,,,,,,,,,,,,,,,,,,,,,,,,,,,,,,,,,,,,,,,,,,,,,,,,,,,,,,,,,,,,,,,,,,,,,,,,,,,,,,,,,,,,,,,,,,,,,,,,,,,,,,,,,,,,,,,,,,,,,,,,,,,,,,,,,,,,,,,,,,,,,,,,,,,,,,,,,,,,,,,,,,,,,,,,,,,,,,,,,,,,,,,,,,,,,,,,,,,,,,,,,,,,,,,,,,,,,,,,,,,,,,,,,,,,,,,,,,,,,,,,,,,,,,,,,,,,,,,,,,,,,,,,,,,,,,,,,,,,,,,,,,,,,,,,,,,,,,,
Ribas-1Pre_S102_L001_tumor,19,1000001,58000000,GAIN,3,57,0.294731055,24,TMEM259,ABCA7,SBNO2,STK11,MIDN,CIRBP,FAM174C,PWWP3A,NDUFS7,DAZAP1,RPS15,C19orf25,MBD3,TCF3,REXO1,SCAMP4,CSNK1G2,BTBD2,MKNK2,MOB3A,AP3D1,DOT1L,SF3A2,OAZ1,SPPL2B,GNG7,SLC39A3,SGTA,THOP1,TLE5,GNA11,NCLN,NFIC,FZR1,MFSD12,HMG20B,PIP5K1C,DAPK3,EEF2,ZBTB7A,MAP2K2,SH3GL1,CHAF1A,MYDGF,DPP9,TICAM1,PLIN3,KDM4B,PTPRS,TINCR,SAFB2,SAFB,LONP1,RANBP3,MLLT1,KHSRP,ZNF557,INSR,ARHGEF18,MCOLN1,PNPLA6,MAP2K7,ELAVL1,CD320,RAB11B,HNRNPM,ZNF558,ZNF317,ZNF559,AC011451.3,ZNF266,ZNF560,ZNF426,ZNF121,ZNF561,ZNF561-AS1,ZNF562,ZNF846,FBXL12,PIN1,SHFL,PPAN,DNMT1,S1PR2,MRPL4,ICAM1,TYK2,CDC37,KRI1,ILF3-DT,ILF3,QTRT1,DNM2,TMED1,CARM1,YIPF2,SMARCA4,KANK2,DOCK6,TMEM205,RGL3,PRKCSH,ECSIT,ZNF627,ACP5,ZNF440,ZNF700,ZNF433-AS1,ZNF136,ZNF44,ZNF564,ZNF490,ZNF791,MAN2B1,DHPS,TNPO2,TRIR,HOOK2,DNASE2,FARSA,CALR,RAD23A,NFIX,NACC1,IER2,CCDC130,MRI1,AC020916.1,CC2D1A,ADGRL1,ADGRE5,DDX39A,PKN1,GIPC1,DNAJB1,TECR,ZNF333,ILVBL,BRD4,AKAP8,AKAP8L,WIZ,TPM4,AP1M1,EPS15L1,CHERP,SLC35E1,SMIM7,SIN3B,MYO9B,NR2F6,BABAM1,BST2,MVB12A,SLC27A1,COLGALT1,RPL18A,MAST3,JUND,GDF15,SSBP4,ELL,REX1BD,CRTC1,UPF1,COPE,SUGP2,MAU2,GATAD2A,NDUFA13,ATP13A1,ZNF506,ZNF253,ZNF90,AC008554.1,ZNF737,ZNF626,ZNF66,ZNF430,ZNF714,ZNF431,ZNF708,ZNF738,ZNF493,ZNF429,AC123912.1,ZNF100,ZNF43,ZNF208,ZNF257,ZNF676,ZNF728,ZNF91,ZNF675,AC092279.1,LINC00662,AC006504.5,LINC00906,C19orf12,URI1,TSHZ3,ZNF507,DPY19L3,PDCD5,ANKRD27,NUDT19,CEP89,CEBPG,PEPD,KCTD15,LSM14A,KIAA0355,GPI,UBA2,SCGB2B2,ZNF302,GRAMD1A,HPN-AS1,FXYD5,USF2,CD22,LINC01531,TMEM147,KMT2B,ZNF565,ZNF146,LINC00665,ZFP14,ZFP82,ZNF566,ZNF260,ZNF529,ZNF529-AS1,ZNF382,ZNF567,ZNF790-AS1,ZNF790,ZNF345,ZNF568,ZNF420,ZNF585A,ZNF585B,ZNF383,ZNF875,ZNF569,ZFP30,ZNF607,ZNF573,SIPA1L3,YIF1B,PSMD8,EIF3K,ACTN4,ECH1,HNRNPL,SIRT2,FBXO17,PAK4,SAMD4B,RPS16,SUPT5H,TIMM50,ZNF780B,ZNF780A,MAP3K10,AKT2,PLD3,SHKBP1,COQ8B,SNRPA,MIA,RAB4B,EGLN2,HNRNPUL1,TGFB1,CCDC97,TMEM91,RPS19,ARHGEF1,RABAC1,GSK3A,ERF,CIC,MEGF8,LIPE-AS1,CEACAM1,PSG9,XRCC1,IRGQ,SMG9,KCNN4,ZNF283,ZNF155,ZNF224,ZNF234,ZNF226,ZNF227,ZNF235,ZNF112,ZNF229,PVR,NECTIN2,TOMM40,APOE,CLPTM1,CLASRP,MARK4,PPP1R37,ERCC1,VASP,OPA3,EML2,QPCTL,FBXO46,DMWD,SYMPK,MYPOP,AC007785.1,AC006262.1,PPP5C,STRN4,SLC1A5,ARHGAP35,ZC3H4,SAE1,BBC3,DHX34,NAPA,NOP53,PLA2G4C,LIG1,CARD8,EMP3,KDELR1,GRIN2D,CYTH2,RPL18,HSD17B14,PPP1R15A,NUCB1,BAX,FTL,GYS1,SNRNP70,PIH1D1,PRR12,SCAF1,IRF3,PRMT1,AP2A1,PTOV1,PNKP,TBC1D17,NUP62,VRK3,NR1H2,SPACA6,ZNF577,ZNF432,AC011468.1,ZNF841,ZNF616,ZNF836,PPP2R1A,ZNF766,ZNF480,ZNF610,ZNF880,ZNF528,ZNF808,ZNF701,ZNF83,ZNF611,ZNF600,ZNF28,ZNF320,ZNF160,ZNF347,ZNF677,ZNF765,ZNF331,CNOT3,MBOAT7,RPS9,LENG8-AS1,LENG8,PPP1R12C,PPP6R1,RPL28,NAT14,ZNF580,U2AF2,EPN1,ZSCAN5A,ZNF667-AS1,ZNF471,ZIM2,ZNF264,ZNF805,ZNF460,AC005261.1,ZNF749,ZNF772,ZNF419,ZNF773,ZNF549,ZNF550,ZNF134,ZNF551,ZNF586,ZNF587B,ZNF814,ZNF587,ZNF417,ZNF606,,,,,,,,,,,,,,,,,,,,,,,,,,,,,,,,,,,,,,,,,,,,,,,,,,,,,,,,,,,,,,,,,,,,,,,,,,,,,,,,,,,,,,,,,,,,,,,,,,,,,,,,,,,,,,,,,,,,,,,,,,,,,,,,,,,,,,,,,,,,,,,,,,,,,,,,,,,,,,,,,,,,,,,,,,,,,,,,,,,,
Ribas-1Pre_S102_L001_tumor,20,1000001,63000000,GAIN,3,62,0.327686538,25,AL110114.1,PSMF1,SDCBP2-AS1,FKBP1A,NSFL1C,SIRPA,STK35,SNRPB,NOP56,IDH3B,PCED1A,PTPRA,MRPS26,DDRGK1,ITPA,C20orf194,ATRN,CDC25B,MAVS,PANK2,RNF24,SMOX,PRNP,SLC23A2,TMEM230,CDS2,GPCPD1,SHLD1,MCM8,CRLS1,TMX4,PLCB1,SLX4IP,BTBD3,SPTLC3,TASP1,ESF1,NDUFAF5,MACROD2,KIF16B,SNRPB2,PCSK2,BFSP1,DSTN,RRBP1,SNX5,MGME1,ZNF133,DZANK1,POLR3F,SEC23B,DTD1,RIN2,NAA20,RALGAPA2,KIZ,XRN2,NAPB,CST3,APMAP,ACSS1,ENTPD6,PYGB,ABHD12,ZNF337-AS1,ZNF337,AL390198.1,HM13,BCL2L1,TPX2,TM9SF4,POFUT1,KIF3B,ASXL1,COMMD7,MAPRE1,CDK5RAP1,CBFA2T2,CHMP4B,RALY,EIF2S2,AHCY,ITCH,PIGU,NCOA6,GGT7,ACSS2,GSS,TRPC4AP,EDEM2,MMP24OS,EIF6,UQCC1,CEP250,ERGIC3,CPNE1,RBM12,RBM39,PHF20,NORAD,EPB41L1,AAR2,DLGAP4,NDRG3,DSN1,SOGA1,RBL1,RPN2,MANBAL,SRC,BLCAP,CTNNBL1,TTI1,RPRD1B,SNHG17,RALGAPB,DHX35,TOP1,PLCG1,ZHX3,LPIN3,CHD6,SRSF6,IFT52,OSER1,SERINC3,PKIG,KCNK15-AS1,YWHAB,PABPC1L,TOMM34,STK4,SDC4,SYS1,PIGT,DNTTIP1,SNX21,CTSA,PLTP,PCIF1,ZNF335,NCOA5,SLC35C2,ELMO2,ZMYND8,NCOA3,PREX1,ARFGEF2,CSE1L,STAU1,DDX27,ZNFX1,B4GALT5,SLC9A8,RNF114,UBE2V1,TMEM189,CEBPB,PTPN1,ADNP,DPM1,NFATC2,ATP9A,ZFP64,LINC01524,TSHZ2,ZNF217,PFDN4,FAM210B,CSTF1,RTF2,RAE1,RAB22A,VAPB,APCDD1L-DT,STX16,GNAS,NELFCD,CTSZ,PRELID3B,SYCP2,FAM217B,MIR646HG,AL162457.2,TAF4,LSM14B,PSMA7,SS18L1,MTG2,OSBPL2,LAMA5,RPS21,SLCO4A1,OGFR,TCFL5,DIDO1,GID8,,,,,,,,,,,,,,,,,,,,,,,,,,,,,,,,,,,,,,,,,,,,,,,,,,,,,,,,,,,,,,,,,,,,,,,,,,,,,,,,,,,,,,,,,,,,,,,,,,,,,,,,,,,,,,,,,,,,,,,,,,,,,,,,,,,,,,,,,,,,,,,,,,,,,,,,,,,,,,,,,,,,,,,,,,,,,,,,,,,,,,,,,,,,,,,,,,,,,,,,,,,,,,,,,,,,,,,,,,,,,,,,,,,,,,,,,,,,,,,,,,,,,,,,,,,,,,,,,,,,,,,,,,,,,,,,,,,,,,,,,,,,,,,,,,,,,,,,,,,,,,,,,,,,,,,,,,,,,,,,,,,,,,,,,,,,,,,,,,,,,,,,,,,,,,,,,,,,,,,,,,,,,,,,,,,,,,,,,,,,,,,,,,,,,,,,,,,,,,
Ribas-1Pre_S102_L001_tumor,21,16000001,46000000,GAIN,3,30,0.273840831,26,MIR99AHG,C21orf91,CHODL,NCAM2,LINC01687,LINC01684,AP001341.1,LINC00158,MRPL39,GABPA,APP,ADAMTS1,AP001605.1,LINC01673,LINC00113,AJ006995.1,LINC00314,LINC01695,N6AMT1,LTN1,USP16,CCT8,BACH1,TIAM1,SCAF4,URB1,EVA1C,CFAP298,SYNJ1,PAXBP1,C21orf62-AS1,AP000282.1,OLIG1,IFNAR2,IL10RB,IFNAR1,IFNGR2,TMEM50B,GART,SON,DONSON,CRYZL1,ITSN1,MRPS6,SLC5A3,LINC00310,AP000317.1,RCAN1,RUNX1,SETD4,CBR1,DOP1B,MORC3,SIM2,HLCS,PIGP,TTC3,VPS26C,DYRK1A,DSCR8,PSMG1,BRWD1,HMGN1,GET1,BACE2,FAM3B,PRDM15,WDR4,NDUFV3,PKNOX1,RRP1B,PDXK,CSTB,RRP1,AGPAT3,TRAPPC10,PFKL,UBE2G2,PTTG1IP,FAM207A,ADARB1,POFUT2,LINC00205,COL18A1,SLC19A1,COL6A1,,,,,,,,,,,,,,,,,,,,,,,,,,,,,,,,,,,,,,,,,,,,,,,,,,,,,,,,,,,,,,,,,,,,,,,,,,,,,,,,,,,,,,,,,,,,,,,,,,,,,,,,,,,,,,,,,,,,,,,,,,,,,,,,,,,,,,,,,,,,,,,,,,,,,,,,,,,,,,,,,,,,,,,,,,,,,,,,,,,,,,,,,,,,,,,,,,,,,,,,,,,,,,,,,,,,,,,,,,,,,,,,,,,,,,,,,,,,,,,,,,,,,,,,,,,,,,,,,,,,,,,,,,,,,,,,,,,,,,,,,,,,,,,,,,,,,,,,,,,,,,,,,,,,,,,,,,,,,,,,,,,,,,,,,,,,,,,,,,,,,,,,,,,,,,,,,,,,,,,,,,,,,,,,,,,,,,,,,,,,,,,,,,,,,,,,,,,,,,,,,,,,,,,,,,,,,,,,,,,,,,,,,,,,,,,,,,,,,,,,,,,,,,,,,,,,,,,,,,,,,,,,,,,,,,,,,,,,,,,,,,,,,,,,,,,,,,,,,,,,,,,,,,,,,
Ribas-1Pre_S102_L001_tumor,22,19000001,49000000,GAIN,3,30,0.27368502,27,DGCR2,CLTCL1,HIRA,UFD1,TXNRD2,COMT,TANGO2,DGCR8,ZDHHC8,KLHL22,MED15,PI4KA,SNAP29,CRKL,LZTR1,HIC2,UBE2L3,SDF2L1,PPIL2,MAPK1,PPM1F,TOP3B,AC245060.5,PRAME,SMARCB1,SLC2A11,MIF,CABIN1,SPECC1L,KIAA1671,GRK3,HPS4,TPST2,MIATNB,LINC01422,PITPNB,TTC28-AS1,TTC28,CHEK2,CCDC117,XBP1,ZNRF3,KREMEN1,RHBDD3,EWSR1,AP1B1,THOC5,NIPSNAP1,NF2,ASCC2,MTMR3,TBC1D10A,SF3A1,RNF215,PES1,DUSP18,MORC2,TUG1,SMTN,RNF185,LIMK2,DRG1,EIF4ENIF1,SFI1,PISD,PRR14L,DEPDC5,YWHAH,RTCB,FBXO7,TIMP3,LARGE1,HMGXB4,TOM1,APOL6,RBFOX2,APOL2,APOL1,MYH9,TXN2,FOXRED2,EIF3D,IFT27,C1QTNF6,GGA1,LGALS1,NOL12,TRIOBP,ANKRD54,EIF3L,MICALL1,POLR2F,SOX10,PICK1,PLA2G6,MAFF,TMEM184B,CSNK1E,KDELR3,DDX17,CBY1,JOSD1,GTPBP1,SUN2,NPTXR,CBX6,RPL3,SYNGR1,TAB1,MIEF1,ATF4,ENTHD1,TNRC6B,ADSL,SGSM3,MRTFA,SLC25A17,ST13,XPNPEP3,RBX1,EP300,RANGAP1,ZC3H7B,TOB2,ACO2,POLR3H,DESI1,XRCC6,SREBF2,SEPTIN3,WBP2NL,NAGA,NDUFA6-DT,TCF20,RRP7A,POLDIP3,CYB5R3,ARFGAP3,PACSIN2,TTLL1,TSPO,TTLL12,SAMM50,PARVB,PRR5,PHF21B,NUP50-DT,NUP50,KIAA0930,FAM118A,FBLN1,ATXN10,MIRLET7BHG,PPARA,TRMU,GRAMD4,CERK,TBC1D22A,AL117329.1,,,,,,,,,,,,,,,,,,,,,,,,,,,,,,,,,,,,,,,,,,,,,,,,,,,,,,,,,,,,,,,,,,,,,,,,,,,,,,,,,,,,,,,,,,,,,,,,,,,,,,,,,,,,,,,,,,,,,,,,,,,,,,,,,,,,,,,,,,,,,,,,,,,,,,,,,,,,,,,,,,,,,,,,,,,,,,,,,,,,,,,,,,,,,,,,,,,,,,,,,,,,,,,,,,,,,,,,,,,,,,,,,,,,,,,,,,,,,,,,,,,,,,,,,,,,,,,,,,,,,,,,,,,,,,,,,,,,,,,,,,,,,,,,,,,,,,,,,,,,,,,,,,,,,,,,,,,,,,,,,,,,,,,,,,,,,,,,,,,,,,,,,,,,,,,,,,,,,,,,,,,,,,,,,,,,,,,,,,,,,,,,,,,,,,,,,,,,,,,,,,,,,,,,,,,,,,,,,,,,,,,,,,,,,,,,,,,,
Ribas-1Pre_S102_L001_tumor,X,4000001,151000000,NEUT,2,147,0.004225654,28,,,,,,,,,,,,,,,,,,,,,,,,,,,,,,,,,,,,,,,,,,,,,,,,,,,,,,,,,,,,,,,,,,,,,,,,,,,,,,,,,,,,,,,,,,,,,,,,,,,,,,,,,,,,,,,,,,,,,,,,,,,,,,,,,,,,,,,,,,,,,,,,,,,,,,,,,,,,,,,,,,,,,,,,,,,,,,,,,,,,,,,,,,,,,,,,,,,,,,,,,,,,,,,,,,,,,,,,,,,,,,,,,,,,,,,,,,,,,,,,,,,,,,,,,,,,,,,,,,,,,,,,,,,,,,,,,,,,,,,,,,,,,,,,,,,,,,,,,,,,,,,,,,,,,,,,,,,,,,,,,,,,,,,,,,,,,,,,,,,,,,,,,,,,,,,,,,,,,,,,,,,,,,,,,,,,,,,,,,,,,,,,,,,,,,,,,,,,,,,,,,,,,,,,,,,,,,,,,,,,,,,,,,,,,,,,,,,,,,,,,,,,,,,,,,,,,,,,,,,,,,,,,,,,,,,,,,,,,,,,,,,,,,,,,,,,,,,,,,,,,,,,,,,,,,,,,,,,,,,,,,,,,,,,,,,,,,,,,,,,,,,,,,,,,,,,,,,,,,,,,,,,,,,,,,,,,,,,,,,,,,,,,,,,,,,,,,,
